Checking shell syntax...
Running shellcheck...
Running release integrity regressions...
ok 1: package rejects a manifest nested inside the app before build
ok 2: customer package rejects timestamp none before build
ok 3: adjacent manifest hash recomputation cannot bypass embedded binding
ok 4: verifier customer-signing seam accepts a valid Developer ID fixture
ok 5: verifier customer mode rejects a missing secure timestamp
ok 6: verifier customer mode rejects an invalid secure timestamp
ok 7: verifier customer mode rejects a malformed timestamp
ok 8: verifier customer mode rejects an Apple Development identity
ok 9: verifier customer mode rejects a Developer ID Installer identity
ok 10: verifier customer mode rejects an ad-hoc signature
ok 11: verifier customer mode rejects an invalid TeamIdentifier
Release integrity regressions passed (11 checks).
Checking property lists...
$REPO_ROOT/Resources/Info.plist: OK
$REPO_ROOT/Resources/PrivacyInfo.xcprivacy: OK
$REPO_ROOT/Resources/Entitlements/ClipboardRouter.Local.entitlements: OK
$REPO_ROOT/Resources/Entitlements/ClipboardRouter.iCloud.entitlements.template: OK
Checking Swift package manifest...
Running Swift tests...
[0/1] Planning build
Building for debugging...
[0/8] Write swift-version--58304C5D6DBC2206.txt
[2/7] Emitting module ClipboardRouterCore
[3/11] Emitting module ClipboardRouterSecurity
[4/11] Emitting module ClipboardRouterCoreTests
[5/11] Emitting module ClipboardRouterSync
[6/14] Emitting module ClipboardRouterPlatform
[7/14] Emitting module ClipboardRouterCLI
[8/12] Emitting module ClipboardRouterSecurityTests
[9/14] Emitting module ClipboardRouterSyncTests
[10/15] Emitting module ClipboardRouterCLITests
[11/15] Emitting module ClipboardRouterPlatformTests
[12/15] Emitting module ClipboardRouterApp
[13/14] Emitting module ClipboardRouterAppTests
Build complete! (3.71s)
Test Suite 'All tests' started at 2026-08-15 11:30:43.403.
Test Suite 'ClipboardRouterPackageTests.xctest' started at 2026-08-15 11:30:43.405.
Test Suite 'ActionExecutionTests' started at 2026-08-15 11:30:43.405.
Test Case '-[ClipboardRouterPlatformTests.ActionExecutionTests testUnsafeLinkAndHeaderInjectionFailClosed]' started.
Test Case '-[ClipboardRouterPlatformTests.ActionExecutionTests testUnsafeLinkAndHeaderInjectionFailClosed]' passed (0.005 seconds).
Test Case '-[ClipboardRouterPlatformTests.ActionExecutionTests testURLAutomationDoesNotRewriteClipboard]' started.
Test Case '-[ClipboardRouterPlatformTests.ActionExecutionTests testURLAutomationDoesNotRewriteClipboard]' passed (0.002 seconds).
Test Case '-[ClipboardRouterPlatformTests.ActionExecutionTests testWebAndEmailActionsOpenValidatedDraftTargetsWithoutClipboardWrites]' started.
Test Case '-[ClipboardRouterPlatformTests.ActionExecutionTests testWebAndEmailActionsOpenValidatedDraftTargetsWithoutClipboardWrites]' passed (0.003 seconds).
Test Suite 'ActionExecutionTests' passed at 2026-08-15 11:30:43.416.
	 Executed 3 tests, with 0 failures (0 unexpected) in 0.010 (0.011) seconds
Test Suite 'ActionableClipDetectionTests' started at 2026-08-15 11:30:43.416.
Test Case '-[ClipboardRouterCoreTests.ActionableClipDetectionTests testApplicationAutomationRequiresBookmarkAndSafeDisplayName]' started.
Test Case '-[ClipboardRouterCoreTests.ActionableClipDetectionTests testApplicationAutomationRequiresBookmarkAndSafeDisplayName]' passed (0.001 seconds).
Test Case '-[ClipboardRouterCoreTests.ActionableClipDetectionTests testAutomationFilterAndFolderConditionAreManualEligibilityOnly]' started.
Test Case '-[ClipboardRouterCoreTests.ActionableClipDetectionTests testAutomationFilterAndFolderConditionAreManualEligibilityOnly]' passed (0.000 seconds).
Test Case '-[ClipboardRouterCoreTests.ActionableClipDetectionTests testCustomAutomationRequiresMatcherAndUsesClipTextAtEligibilityBoundary]' started.
Test Case '-[ClipboardRouterCoreTests.ActionableClipDetectionTests testCustomAutomationRequiresMatcherAndUsesClipTextAtEligibilityBoundary]' passed (0.003 seconds).
Test Case '-[ClipboardRouterCoreTests.ActionableClipDetectionTests testCustomMatcherFailsClosedForOversizedClipText]' started.
Test Case '-[ClipboardRouterCoreTests.ActionableClipDetectionTests testCustomMatcherFailsClosedForOversizedClipText]' passed (0.001 seconds).
Test Case '-[ClipboardRouterCoreTests.ActionableClipDetectionTests testCustomRegularExpressionMatchesLocallyAndRejectsRiskyFeatures]' started.
Test Case '-[ClipboardRouterCoreTests.ActionableClipDetectionTests testCustomRegularExpressionMatchesLocallyAndRejectsRiskyFeatures]' passed (0.001 seconds).
Test Case '-[ClipboardRouterCoreTests.ActionableClipDetectionTests testCustomRegularExpressionPreservesUsefulConservativeSubset]' started.
Test Case '-[ClipboardRouterCoreTests.ActionableClipDetectionTests testCustomRegularExpressionPreservesUsefulConservativeSubset]' passed (0.000 seconds).
Test Case '-[ClipboardRouterCoreTests.ActionableClipDetectionTests testCustomRegularExpressionRejectsAdjacentAmbiguousRepetitionsBeforeMatching]' started.
Test Case '-[ClipboardRouterCoreTests.ActionableClipDetectionTests testCustomRegularExpressionRejectsAdjacentAmbiguousRepetitionsBeforeMatching]' passed (0.001 seconds).
Test Case '-[ClipboardRouterCoreTests.ActionableClipDetectionTests testCustomWordsMatchAnyLiteralAndRespectCasePreference]' started.
Test Case '-[ClipboardRouterCoreTests.ActionableClipDetectionTests testCustomWordsMatchAnyLiteralAndRespectCasePreference]' passed (0.000 seconds).
Test Case '-[ClipboardRouterCoreTests.ActionableClipDetectionTests testDeduplicatesURLsButPreservesEmailLocalPartCase]' started.
Test Case '-[ClipboardRouterCoreTests.ActionableClipDetectionTests testDeduplicatesURLsButPreservesEmailLocalPartCase]' passed (0.006 seconds).
Test Case '-[ClipboardRouterCoreTests.ActionableClipDetectionTests testDetectsSupportedEntitiesInSourceOrder]' started.
Test Case '-[ClipboardRouterCoreTests.ActionableClipDetectionTests testDetectsSupportedEntitiesInSourceOrder]' passed (0.006 seconds).
Test Case '-[ClipboardRouterCoreTests.ActionableClipDetectionTests testPersistedAutomationIsRevalidatedWhenDecoded]' started.
Test Case '-[ClipboardRouterCoreTests.ActionableClipDetectionTests testPersistedAutomationIsRevalidatedWhenDecoded]' passed (0.000 seconds).
Test Case '-[ClipboardRouterCoreTests.ActionableClipDetectionTests testRefusesUnboundedInput]' started.
Test Case '-[ClipboardRouterCoreTests.ActionableClipDetectionTests testRefusesUnboundedInput]' passed (0.001 seconds).
Test Case '-[ClipboardRouterCoreTests.ActionableClipDetectionTests testRejectsUnsupportedSchemesAndImplausiblePhoneNumbers]' started.
Test Case '-[ClipboardRouterCoreTests.ActionableClipDetectionTests testRejectsUnsupportedSchemesAndImplausiblePhoneNumbers]' passed (0.001 seconds).
Test Case '-[ClipboardRouterCoreTests.ActionableClipDetectionTests testURLTemplateEncodesClipAsOneQueryValueAndRejectsUnsafeTargets]' started.
Test Case '-[ClipboardRouterCoreTests.ActionableClipDetectionTests testURLTemplateEncodesClipAsOneQueryValueAndRejectsUnsafeTargets]' passed (0.000 seconds).
Test Suite 'ActionableClipDetectionTests' passed at 2026-08-15 11:30:43.437.
	 Executed 14 tests, with 0 failures (0 unexpected) in 0.020 (0.021) seconds
Test Suite 'AdvancedClipActionTests' started at 2026-08-15 11:30:43.437.
Test Case '-[ClipboardRouterPlatformTests.AdvancedClipActionTests testOnDeviceAIRejectsEmptyAndOversizedPromptsBeforeModelAccess]' started.
Test Case '-[ClipboardRouterPlatformTests.AdvancedClipActionTests testOnDeviceAIRejectsEmptyAndOversizedPromptsBeforeModelAccess]' passed (0.000 seconds).
Test Suite 'AdvancedClipActionTests' passed at 2026-08-15 11:30:43.438.
	 Executed 1 test, with 0 failures (0 unexpected) in 0.000 (0.000) seconds
Test Suite 'AppModelPreferencesTests' started at 2026-08-15 11:30:43.438.
Test Case '-[ClipboardRouterAppTests.AppModelPreferencesTests testAssistantEntryRemainsDiscoverableWhenSourceNeedsOnDeviceAI]' started.
Test Case '-[ClipboardRouterAppTests.AppModelPreferencesTests testAssistantEntryRemainsDiscoverableWhenSourceNeedsOnDeviceAI]' passed (0.062 seconds).
Test Case '-[ClipboardRouterAppTests.AppModelPreferencesTests testAssistantPresetPreservesUserEditedPrompt]' started.
Test Case '-[ClipboardRouterAppTests.AppModelPreferencesTests testAssistantPresetPreservesUserEditedPrompt]' passed (0.000 seconds).
Test Case '-[ClipboardRouterAppTests.AppModelPreferencesTests testAssistantPresetReplacesAnUneditedPresetTemplate]' started.
Test Case '-[ClipboardRouterAppTests.AppModelPreferencesTests testAssistantPresetReplacesAnUneditedPresetTemplate]' passed (0.000 seconds).
Test Case '-[ClipboardRouterAppTests.AppModelPreferencesTests testBlankHostedAssistantModelFailsClosedBeforeClientCall]' started.
Test Case '-[ClipboardRouterAppTests.AppModelPreferencesTests testBlankHostedAssistantModelFailsClosedBeforeClientCall]' passed (0.015 seconds).
Test Case '-[ClipboardRouterAppTests.AppModelPreferencesTests testCombinedClipsCloudAssistantSendsOnlyReviewedMarkdown]' started.
Test Case '-[ClipboardRouterAppTests.AppModelPreferencesTests testCombinedClipsCloudAssistantSendsOnlyReviewedMarkdown]' passed (0.021 seconds).
Test Case '-[ClipboardRouterAppTests.AppModelPreferencesTests testConcurrentStartCallsShareOneStartupOperation]' started.
Test Case '-[ClipboardRouterAppTests.AppModelPreferencesTests testConcurrentStartCallsShareOneStartupOperation]' passed (0.076 seconds).
Test Case '-[ClipboardRouterAppTests.AppModelPreferencesTests testCustomFlowPersistsAndCanBeDisabledOrDeleted]' started.
Test Case '-[ClipboardRouterAppTests.AppModelPreferencesTests testCustomFlowPersistsAndCanBeDisabledOrDeleted]' passed (0.025 seconds).
Test Case '-[ClipboardRouterAppTests.AppModelPreferencesTests testCustomTextFlowAppearsOnlyForMatchingSavedClip]' started.
Test Case '-[ClipboardRouterAppTests.AppModelPreferencesTests testCustomTextFlowAppearsOnlyForMatchingSavedClip]' passed (0.016 seconds).
Test Case '-[ClipboardRouterAppTests.AppModelPreferencesTests testHostedAssistantRequiresConsentAndRejectsPrivateSourceBeforeClientCall]' started.
Test Case '-[ClipboardRouterAppTests.AppModelPreferencesTests testHostedAssistantRequiresConsentAndRejectsPrivateSourceBeforeClientCall]' passed (0.011 seconds).
Test Case '-[ClipboardRouterAppTests.AppModelPreferencesTests testInsertAliasPersistsAndResolvesSavedNoteWithoutPersistingContent]' started.
Test Case '-[ClipboardRouterAppTests.AppModelPreferencesTests testInsertAliasPersistsAndResolvesSavedNoteWithoutPersistingContent]' passed (0.014 seconds).
Test Case '-[ClipboardRouterAppTests.AppModelPreferencesTests testLaunchAtLoginFailureKeepsAuthoritativeSystemState]' started.
Test Case '-[ClipboardRouterAppTests.AppModelPreferencesTests testLaunchAtLoginFailureKeepsAuthoritativeSystemState]' passed (0.005 seconds).
Test Case '-[ClipboardRouterAppTests.AppModelPreferencesTests testLaunchAtLoginRefreshesSystemStateBeforeMutation]' started.
Test Case '-[ClipboardRouterAppTests.AppModelPreferencesTests testLaunchAtLoginRefreshesSystemStateBeforeMutation]' passed (0.005 seconds).
Test Case '-[ClipboardRouterAppTests.AppModelPreferencesTests testLaunchAtLoginSurfacesApprovalAndCanUnregisterPendingRequest]' started.
Test Case '-[ClipboardRouterAppTests.AppModelPreferencesTests testLaunchAtLoginSurfacesApprovalAndCanUnregisterPendingRequest]' passed (0.005 seconds).
Test Case '-[ClipboardRouterAppTests.AppModelPreferencesTests testLaunchAtLoginUnregisterFailureKeepsAuthoritativeSystemState]' started.
Test Case '-[ClipboardRouterAppTests.AppModelPreferencesTests testLaunchAtLoginUnregisterFailureKeepsAuthoritativeSystemState]' passed (0.005 seconds).
Test Case '-[ClipboardRouterAppTests.AppModelPreferencesTests testLaunchAtLoginUsesSystemStateAndRegistersWithoutPersistingPreference]' started.
Test Case '-[ClipboardRouterAppTests.AppModelPreferencesTests testLaunchAtLoginUsesSystemStateAndRegistersWithoutPersistingPreference]' passed (0.005 seconds).
Test Case '-[ClipboardRouterAppTests.AppModelPreferencesTests testLocationMetadataKeepsOnDeviceAssistantAvailableButBlocksCloud]' started.
Test Case '-[ClipboardRouterAppTests.AppModelPreferencesTests testLocationMetadataKeepsOnDeviceAssistantAvailableButBlocksCloud]' passed (0.013 seconds).
Test Case '-[ClipboardRouterAppTests.AppModelPreferencesTests testManualWebAutomationPersistsAndRemainsUserTriggered]' started.
Test Case '-[ClipboardRouterAppTests.AppModelPreferencesTests testManualWebAutomationPersistsAndRemainsUserTriggered]' passed (0.020 seconds).
Test Case '-[ClipboardRouterAppTests.AppModelPreferencesTests testMenuBarCanScrollAndSearchOneThousandClips]' started.
Test Case '-[ClipboardRouterAppTests.AppModelPreferencesTests testMenuBarCanScrollAndSearchOneThousandClips]' passed (0.772 seconds).
Test Case '-[ClipboardRouterAppTests.AppModelPreferencesTests testMenuBarClipLimitDefaultsPersistsAndReloads]' started.
Test Case '-[ClipboardRouterAppTests.AppModelPreferencesTests testMenuBarClipLimitDefaultsPersistsAndReloads]' passed (0.022 seconds).
Test Case '-[ClipboardRouterAppTests.AppModelPreferencesTests testMenuBarClipLimitIsOneBudgetAcrossPinnedAndRecent]' started.
Test Case '-[ClipboardRouterAppTests.AppModelPreferencesTests testMenuBarClipLimitIsOneBudgetAcrossPinnedAndRecent]' passed (0.220 seconds).
Test Case '-[ClipboardRouterAppTests.AppModelPreferencesTests testMenuBarContinuationCannotReplaceAnActiveEditor]' started.
Test Case '-[ClipboardRouterAppTests.AppModelPreferencesTests testMenuBarContinuationCannotReplaceAnActiveEditor]' passed (0.024 seconds).
Test Case '-[ClipboardRouterAppTests.AppModelPreferencesTests testMenuBarContinuationRemainsPendingUntilPersistentPresenterDismissesIt]' started.
Test Case '-[ClipboardRouterAppTests.AppModelPreferencesTests testMenuBarContinuationRemainsPendingUntilPersistentPresenterDismissesIt]' passed (0.020 seconds).
Test Case '-[ClipboardRouterAppTests.AppModelPreferencesTests testMenuBarRoutesFollowUpActionsToPersistentLibraryPresenter]' started.
Test Case '-[ClipboardRouterAppTests.AppModelPreferencesTests testMenuBarRoutesFollowUpActionsToPersistentLibraryPresenter]' passed (0.000 seconds).
Test Case '-[ClipboardRouterAppTests.AppModelPreferencesTests testOpeningClipToolsSelectsTheClipToolsWorkspace]' started.
Test Case '-[ClipboardRouterAppTests.AppModelPreferencesTests testOpeningClipToolsSelectsTheClipToolsWorkspace]' passed (0.014 seconds).
Test Case '-[ClipboardRouterAppTests.AppModelPreferencesTests testPresentationRequestsRecordTheirIntendedSurface]' started.
Test Case '-[ClipboardRouterAppTests.AppModelPreferencesTests testPresentationRequestsRecordTheirIntendedSurface]' passed (0.012 seconds).
Test Case '-[ClipboardRouterAppTests.AppModelPreferencesTests testQuickPasteEmptyQueryShowsPinnedThenRecentEligibleSavedItems]' started.
Test Case '-[ClipboardRouterAppTests.AppModelPreferencesTests testQuickPasteEmptyQueryShowsPinnedThenRecentEligibleSavedItems]' passed (0.014 seconds).
Test Case '-[ClipboardRouterAppTests.AppModelPreferencesTests testQuickPasteHidesPersistedAliasWhenItsSavedItemBecomesIneligible]' started.
Test Case '-[ClipboardRouterAppTests.AppModelPreferencesTests testQuickPasteHidesPersistedAliasWhenItsSavedItemBecomesIneligible]' passed (0.013 seconds).
Test Case '-[ClipboardRouterAppTests.AppModelPreferencesTests testRichTextClipOffersAssistantUsingFlattenedText]' started.
Test Case '-[ClipboardRouterAppTests.AppModelPreferencesTests testRichTextClipOffersAssistantUsingFlattenedText]' passed (0.014 seconds).
Test Case '-[ClipboardRouterAppTests.AppModelPreferencesTests testSecurePasteTimeoutAcceptsOnlySupportedPersistedChoices]' started.
Test Case '-[ClipboardRouterAppTests.AppModelPreferencesTests testSecurePasteTimeoutAcceptsOnlySupportedPersistedChoices]' passed (0.015 seconds).
Test Case '-[ClipboardRouterAppTests.AppModelPreferencesTests testShortcutChoicePersistsAfterSuccessfulRegistration]' started.
Test Case '-[ClipboardRouterAppTests.AppModelPreferencesTests testShortcutChoicePersistsAfterSuccessfulRegistration]' passed (0.012 seconds).
Test Case '-[ClipboardRouterAppTests.AppModelPreferencesTests testShortcutConflictRollsBackWithoutPersistingRejectedChoice]' started.
Test Case '-[ClipboardRouterAppTests.AppModelPreferencesTests testShortcutConflictRollsBackWithoutPersistingRejectedChoice]' passed (0.013 seconds).
Test Case '-[ClipboardRouterAppTests.AppModelPreferencesTests testSuggestedActionsReserveAssistantSlotWhenDetectedActionsReachLimit]' started.
Test Case '-[ClipboardRouterAppTests.AppModelPreferencesTests testSuggestedActionsReserveAssistantSlotWhenDetectedActionsReachLimit]' passed (0.015 seconds).
Test Case '-[ClipboardRouterAppTests.AppModelPreferencesTests testUnsafeAutomationAndPrivateSessionActionsFailClosed]' started.
Test Case '-[ClipboardRouterAppTests.AppModelPreferencesTests testUnsafeAutomationAndPrivateSessionActionsFailClosed]' passed (0.012 seconds).
Test Case '-[ClipboardRouterAppTests.AppModelPreferencesTests testVaultRecoveryRequiresExactAuthenticatedPayloadMatch]' started.
Test Case '-[ClipboardRouterAppTests.AppModelPreferencesTests testVaultRecoveryRequiresExactAuthenticatedPayloadMatch]' passed (0.001 seconds).
Test Case '-[ClipboardRouterAppTests.AppModelPreferencesTests testVaultRecoveryWithProvenanceRequiresExactSavedAndHistorySources]' started.
Test Case '-[ClipboardRouterAppTests.AppModelPreferencesTests testVaultRecoveryWithProvenanceRequiresExactSavedAndHistorySources]' passed (0.000 seconds).
Test Suite 'AppModelPreferencesTests' passed at 2026-08-15 11:30:44.932.
	 Executed 35 tests, with 0 failures (0 unexpected) in 1.491 (1.494) seconds
Test Suite 'AppWorkflowIntegrationTests' started at 2026-08-15 11:30:44.932.
Test Case '-[ClipboardRouterAppTests.AppWorkflowIntegrationTests testAIDraftUsesSuppliedModelProvenanceWithoutInheritingSharedTeamFolder]' started.
Test Case '-[ClipboardRouterAppTests.AppWorkflowIntegrationTests testAIDraftUsesSuppliedModelProvenanceWithoutInheritingSharedTeamFolder]' passed (0.029 seconds).
Test Case '-[ClipboardRouterAppTests.AppWorkflowIntegrationTests testClipContextMenuPolicyKeepsManagementPrimaryAndPrivateSessionIsolated]' started.
Test Case '-[ClipboardRouterAppTests.AppWorkflowIntegrationTests testClipContextMenuPolicyKeepsManagementPrimaryAndPrivateSessionIsolated]' passed (0.014 seconds).
Test Case '-[ClipboardRouterAppTests.AppWorkflowIntegrationTests testClipEditorCreatesNonDestructiveHistoryCopyUpdatesSavedClipAndRejectsSecrets]' started.
Test Case '-[ClipboardRouterAppTests.AppWorkflowIntegrationTests testClipEditorCreatesNonDestructiveHistoryCopyUpdatesSavedClipAndRejectsSecrets]' passed (0.040 seconds).
Test Case '-[ClipboardRouterAppTests.AppWorkflowIntegrationTests testClipObservedDuringPrivateSessionCannotPersistAfterEndDuringOCR]' started.
Test Case '-[ClipboardRouterAppTests.AppWorkflowIntegrationTests testClipObservedDuringPrivateSessionCannotPersistAfterEndDuringOCR]' passed (0.259 seconds).
Test Case '-[ClipboardRouterAppTests.AppWorkflowIntegrationTests testCollaborativeEntitiesAreExcludedFromPrivateSyncAcrossAllKnownSources]' started.
Test Case '-[ClipboardRouterAppTests.AppWorkflowIntegrationTests testCollaborativeEntitiesAreExcludedFromPrivateSyncAcrossAllKnownSources]' passed (0.000 seconds).
Test Case '-[ClipboardRouterAppTests.AppWorkflowIntegrationTests testCombineClipsActionsRejectACollectionChangedAfterReview]' started.
Test Case '-[ClipboardRouterAppTests.AppWorkflowIntegrationTests testCombineClipsActionsRejectACollectionChangedAfterReview]' passed (0.019 seconds).
Test Case '-[ClipboardRouterAppTests.AppWorkflowIntegrationTests testCombineClipsAndTransformPreviewLeaveOriginalClipUnchanged]' started.
Test Case '-[ClipboardRouterAppTests.AppWorkflowIntegrationTests testCombineClipsAndTransformPreviewLeaveOriginalClipUnchanged]' passed (0.014 seconds).
Test Case '-[ClipboardRouterAppTests.AppWorkflowIntegrationTests testCombineClipsRejectsSecretLikeRenderedMetadata]' started.
Test Case '-[ClipboardRouterAppTests.AppWorkflowIntegrationTests testCombineClipsRejectsSecretLikeRenderedMetadata]' passed (0.014 seconds).
Test Case '-[ClipboardRouterAppTests.AppWorkflowIntegrationTests testCombineClipsReviewRendersInOrderAndSavesOneNote]' started.
Test Case '-[ClipboardRouterAppTests.AppWorkflowIntegrationTests testCombineClipsReviewRendersInOrderAndSavesOneNote]' passed (0.037 seconds).
Test Case '-[ClipboardRouterAppTests.AppWorkflowIntegrationTests testCombinedDraftSafetyTextExposesSecretOutsidePlainPreview]' started.
Test Case '-[ClipboardRouterAppTests.AppWorkflowIntegrationTests testCombinedDraftSafetyTextExposesSecretOutsidePlainPreview]' passed (0.761 seconds).
Test Case '-[ClipboardRouterAppTests.AppWorkflowIntegrationTests testDebugBundleActionsRejectSourcesRemovedAfterReview]' started.
Test Case '-[ClipboardRouterAppTests.AppWorkflowIntegrationTests testDebugBundleActionsRejectSourcesRemovedAfterReview]' passed (0.018 seconds).
Test Case '-[ClipboardRouterAppTests.AppWorkflowIntegrationTests testDebugBundleAssistantCopyRevalidatesSourcesAndGeneratedContent]' started.
Test Case '-[ClipboardRouterAppTests.AppWorkflowIntegrationTests testDebugBundleAssistantCopyRevalidatesSourcesAndGeneratedContent]' passed (0.040 seconds).
Test Case '-[ClipboardRouterAppTests.AppWorkflowIntegrationTests testDebugBundleReviewUsesCoreClassificationAndReviewedMarkdownForActions]' started.
Test Case '-[ClipboardRouterAppTests.AppWorkflowIntegrationTests testDebugBundleReviewUsesCoreClassificationAndReviewedMarkdownForActions]' passed (0.037 seconds).
Test Case '-[ClipboardRouterAppTests.AppWorkflowIntegrationTests testDebugBundleTeamPublishFailureIsTruthfulAndRetryIsIdempotent]' started.
Test Case '-[ClipboardRouterAppTests.AppWorkflowIntegrationTests testDebugBundleTeamPublishFailureIsTruthfulAndRetryIsIdempotent]' passed (0.103 seconds).
Test Case '-[ClipboardRouterAppTests.AppWorkflowIntegrationTests testDelayedDeveloperCaptureKeepsObservedProjectAssignment]' started.
Test Case '-[ClipboardRouterAppTests.AppWorkflowIntegrationTests testDelayedDeveloperCaptureKeepsObservedProjectAssignment]' passed (0.204 seconds).
Test Case '-[ClipboardRouterAppTests.AppWorkflowIntegrationTests testDeveloperClipCanBeAddedToSelectedProjectWithoutChangingActiveProject]' started.
Test Case '-[ClipboardRouterAppTests.AppWorkflowIntegrationTests testDeveloperClipCanBeAddedToSelectedProjectWithoutChangingActiveProject]' passed (0.046 seconds).
Test Case '-[ClipboardRouterAppTests.AppWorkflowIntegrationTests testDeveloperProjectManualAddRejectsSensitiveClip]' started.
Test Case '-[ClipboardRouterAppTests.AppWorkflowIntegrationTests testDeveloperProjectManualAddRejectsSensitiveClip]' passed (0.033 seconds).
Test Case '-[ClipboardRouterAppTests.AppWorkflowIntegrationTests testDeveloperProjectPersistsAndAutoCaptureIsExplicitlyOptIn]' started.
Test Case '-[ClipboardRouterAppTests.AppWorkflowIntegrationTests testDeveloperProjectPersistsAndAutoCaptureIsExplicitlyOptIn]' passed (0.098 seconds).
Test Case '-[ClipboardRouterAppTests.AppWorkflowIntegrationTests testDynamicSmartViewBadgesUseTheSameExactFacetAsTheirQueries]' started.
Test Case '-[ClipboardRouterAppTests.AppWorkflowIntegrationTests testDynamicSmartViewBadgesUseTheSameExactFacetAsTheirQueries]' passed (0.306 seconds).
Test Case '-[ClipboardRouterAppTests.AppWorkflowIntegrationTests testEditorSaveReportsDurableFailureAndSuccessInsteadOfOnlyValidation]' started.
Test Case '-[ClipboardRouterAppTests.AppWorkflowIntegrationTests testEditorSaveReportsDurableFailureAndSuccessInsteadOfOnlyValidation]' passed (0.025 seconds).
Test Case '-[ClipboardRouterAppTests.AppWorkflowIntegrationTests testEnablingDeveloperCaptureDoesNotClaimInFlightClip]' started.
Test Case '-[ClipboardRouterAppTests.AppWorkflowIntegrationTests testEnablingDeveloperCaptureDoesNotClaimInFlightClip]' passed (0.284 seconds).
Test Case '-[ClipboardRouterAppTests.AppWorkflowIntegrationTests testEndingPrivateSessionCannotBeRepaintedByAwaitedSnapshot]' started.
Test Case '-[ClipboardRouterAppTests.AppWorkflowIntegrationTests testEndingPrivateSessionCannotBeRepaintedByAwaitedSnapshot]' passed (0.132 seconds).
Test Case '-[ClipboardRouterAppTests.AppWorkflowIntegrationTests testExplicitlyKeptSecretRetainsSensitivityClassification]' started.
Test Case '-[ClipboardRouterAppTests.AppWorkflowIntegrationTests testExplicitlyKeptSecretRetainsSensitivityClassification]' passed (0.126 seconds).
Test Case '-[ClipboardRouterAppTests.AppWorkflowIntegrationTests testFileAndPDFSmartViewBadgesMatchTheirExactQueryResults]' started.
Test Case '-[ClipboardRouterAppTests.AppWorkflowIntegrationTests testFileAndPDFSmartViewBadgesMatchTheirExactQueryResults]' passed (0.308 seconds).
Test Case '-[ClipboardRouterAppTests.AppWorkflowIntegrationTests testFrequentlyUsedBadgeMatchesLinkedSavedUsageQueryResults]' started.
Test Case '-[ClipboardRouterAppTests.AppWorkflowIntegrationTests testFrequentlyUsedBadgeMatchesLinkedSavedUsageQueryResults]' passed (0.193 seconds).
Test Case '-[ClipboardRouterAppTests.AppWorkflowIntegrationTests testGeneratedSecretDraftNeverEntersOrdinaryLibrary]' started.
Test Case '-[ClipboardRouterAppTests.AppWorkflowIntegrationTests testGeneratedSecretDraftNeverEntersOrdinaryLibrary]' passed (0.064 seconds).
Test Case '-[ClipboardRouterAppTests.AppWorkflowIntegrationTests testLegacySecretWithoutStoredClassificationIsMaskedAndExportGated]' started.
Test Case '-[ClipboardRouterAppTests.AppWorkflowIntegrationTests testLegacySecretWithoutStoredClassificationIsMaskedAndExportGated]' passed (0.148 seconds).
Test Case '-[ClipboardRouterAppTests.AppWorkflowIntegrationTests testLocalOnlyTombstonesAreExcludedFromManagedProjection]' started.
Test Case '-[ClipboardRouterAppTests.AppWorkflowIntegrationTests testLocalOnlyTombstonesAreExcludedFromManagedProjection]' passed (0.001 seconds).
Test Case '-[ClipboardRouterAppTests.AppWorkflowIntegrationTests testManualNoteSecretsFailClosedBeforeOrdinaryPersistence]' started.
Test Case '-[ClipboardRouterAppTests.AppWorkflowIntegrationTests testManualNoteSecretsFailClosedBeforeOrdinaryPersistence]' passed (0.030 seconds).
Test Case '-[ClipboardRouterAppTests.AppWorkflowIntegrationTests testMenuBarPinOnHistoryCreatesPinnedSavedCopyAndSavedToggleUnpinsIt]' started.
Test Case '-[ClipboardRouterAppTests.AppWorkflowIntegrationTests testMenuBarPinOnHistoryCreatesPinnedSavedCopyAndSavedToggleUnpinsIt]' passed (0.054 seconds).
Test Case '-[ClipboardRouterAppTests.AppWorkflowIntegrationTests testMoveHistoryToVaultAuthenticatesThenRemovesHistoryAndLinkedSavedCopies]' started.
Test Case '-[ClipboardRouterAppTests.AppWorkflowIntegrationTests testMoveHistoryToVaultAuthenticatesThenRemovesHistoryAndLinkedSavedCopies]' passed (0.057 seconds).
Test Case '-[ClipboardRouterAppTests.AppWorkflowIntegrationTests testNoteConversionPolicyRejectsRichAndExternalRepresentations]' started.
Test Case '-[ClipboardRouterAppTests.AppWorkflowIntegrationTests testNoteConversionPolicyRejectsRichAndExternalRepresentations]' passed (0.000 seconds).
Test Case '-[ClipboardRouterAppTests.AppWorkflowIntegrationTests testNoteEditorRejectsPrivateSharedAndCrossShareFolderChangesBeforeMutation]' started.
Test Case '-[ClipboardRouterAppTests.AppWorkflowIntegrationTests testNoteEditorRejectsPrivateSharedAndCrossShareFolderChangesBeforeMutation]' passed (0.016 seconds).
Test Case '-[ClipboardRouterAppTests.AppWorkflowIntegrationTests testNoteEditorUpdateAtomicallyChangesBodyTitleAndFolderAndRejectsSecrets]' started.
Test Case '-[ClipboardRouterAppTests.AppWorkflowIntegrationTests testNoteEditorUpdateAtomicallyChangesBodyTitleAndFolderAndRejectsSecrets]' passed (0.026 seconds).
Test Case '-[ClipboardRouterAppTests.AppWorkflowIntegrationTests testOrdinaryClipboardActionsRunInClickOrderWithoutOverlappingWrites]' started.
Test Case '-[ClipboardRouterAppTests.AppWorkflowIntegrationTests testOrdinaryClipboardActionsRunInClickOrderWithoutOverlappingWrites]' passed (0.161 seconds).
Test Case '-[ClipboardRouterAppTests.AppWorkflowIntegrationTests testOrdinarySearchAndSmartViewsExcludePrivateSessionAndSecureSections]' started.
Test Case '-[ClipboardRouterAppTests.AppWorkflowIntegrationTests testOrdinarySearchAndSmartViewsExcludePrivateSessionAndSecureSections]' passed (0.385 seconds).
Test Case '-[ClipboardRouterAppTests.AppWorkflowIntegrationTests testOrdinarySearchIsGlobalRankedAndRestoresPreviousSectionWhenCleared]' started.
Test Case '-[ClipboardRouterAppTests.AppWorkflowIntegrationTests testOrdinarySearchIsGlobalRankedAndRestoresPreviousSectionWhenCleared]' passed (0.184 seconds).
Test Case '-[ClipboardRouterAppTests.AppWorkflowIntegrationTests testPasteStackAdvancesOnlyAfterTypedClipboardWriteSucceeds]' started.
Test Case '-[ClipboardRouterAppTests.AppWorkflowIntegrationTests testPasteStackAdvancesOnlyAfterTypedClipboardWriteSucceeds]' passed (0.092 seconds).
Test Case '-[ClipboardRouterAppTests.AppWorkflowIntegrationTests testPasteStackRejectsConcurrentControlsUntilWriteFinishes]' started.
Test Case '-[ClipboardRouterAppTests.AppWorkflowIntegrationTests testPasteStackRejectsConcurrentControlsUntilWriteFinishes]' passed (0.175 seconds).
Test Case '-[ClipboardRouterAppTests.AppWorkflowIntegrationTests testPerformInsertUsesSavedPasteDeliveryWhenNoOverrideIsSupplied]' started.
Test Case '-[ClipboardRouterAppTests.AppWorkflowIntegrationTests testPerformInsertUsesSavedPasteDeliveryWhenNoOverrideIsSupplied]' passed (0.027 seconds).
Test Case '-[ClipboardRouterAppTests.AppWorkflowIntegrationTests testPrivateSessionClipsCannotEscapeIntoDerivedWorkflows]' started.
Test Case '-[ClipboardRouterAppTests.AppWorkflowIntegrationTests testPrivateSessionClipsCannotEscapeIntoDerivedWorkflows]' passed (0.013 seconds).
Test Case '-[ClipboardRouterAppTests.AppWorkflowIntegrationTests testPrivateSessionEndDuringSecretOCRLeavesNoQuarantineOrHistory]' started.
Test Case '-[ClipboardRouterAppTests.AppWorkflowIntegrationTests testPrivateSessionEndDuringSecretOCRLeavesNoQuarantineOrHistory]' passed (0.258 seconds).
Test Case '-[ClipboardRouterAppTests.AppWorkflowIntegrationTests testPrivateSessionStartAndEndPublishMemoryOnlyState]' started.
Test Case '-[ClipboardRouterAppTests.AppWorkflowIntegrationTests testPrivateSessionStartAndEndPublishMemoryOnlyState]' passed (0.044 seconds).
Test Case '-[ClipboardRouterAppTests.AppWorkflowIntegrationTests testQuarantineExpirationTimerClearsReceiptsAtDeadline]' started.
Test Case '-[ClipboardRouterAppTests.AppWorkflowIntegrationTests testQuarantineExpirationTimerClearsReceiptsAtDeadline]' passed (0.152 seconds).
Test Case '-[ClipboardRouterAppTests.AppWorkflowIntegrationTests testRecoveryUsesExactLinkedFingerprintWhenPrimarySavedSourceIsGone]' started.
Test Case '-[ClipboardRouterAppTests.AppWorkflowIntegrationTests testRecoveryUsesExactLinkedFingerprintWhenPrimarySavedSourceIsGone]' passed (0.030 seconds).
Test Case '-[ClipboardRouterAppTests.AppWorkflowIntegrationTests testRemoteSharedSubtreeAppliesNestedFoldersItemsPermissionsAndDeletionAtomically]' started.
Test Case '-[ClipboardRouterAppTests.AppWorkflowIntegrationTests testRemoteSharedSubtreeAppliesNestedFoldersItemsPermissionsAndDeletionAtomically]' passed (0.025 seconds).
Test Case '-[ClipboardRouterAppTests.AppWorkflowIntegrationTests testReviewedDebugBundlePublishesAsSanitizedTeamArtifact]' started.
Test Case '-[ClipboardRouterAppTests.AppWorkflowIntegrationTests testReviewedDebugBundlePublishesAsSanitizedTeamArtifact]' passed (0.065 seconds).
Test Case '-[ClipboardRouterAppTests.AppWorkflowIntegrationTests testRichTextClipCanBeEditedOnlyAsANewPlainTextCopy]' started.
Test Case '-[ClipboardRouterAppTests.AppWorkflowIntegrationTests testRichTextClipCanBeEditedOnlyAsANewPlainTextCopy]' passed (0.018 seconds).
Test Case '-[ClipboardRouterAppTests.AppWorkflowIntegrationTests testSavedNoteVaultMovePreservesAuthenticatedItemKind]' started.
Test Case '-[ClipboardRouterAppTests.AppWorkflowIntegrationTests testSavedNoteVaultMovePreservesAuthenticatedItemKind]' passed (0.026 seconds).
Test Case '-[ClipboardRouterAppTests.AppWorkflowIntegrationTests testSaveHistoryClipInNewFolderRejectsUnavailableLibraryAndNonHistoryClip]' started.
Test Case '-[ClipboardRouterAppTests.AppWorkflowIntegrationTests testSaveHistoryClipInNewFolderRejectsUnavailableLibraryAndNonHistoryClip]' passed (0.033 seconds).
Test Case '-[ClipboardRouterAppTests.AppWorkflowIntegrationTests testSaveHistoryClipInNewFolderSelectsCreatedFolderAndSavedClip]' started.
Test Case '-[ClipboardRouterAppTests.AppWorkflowIntegrationTests testSaveHistoryClipInNewFolderSelectsCreatedFolderAndSavedClip]' passed (0.037 seconds).
Test Case '-[ClipboardRouterAppTests.AppWorkflowIntegrationTests testSelectingCurrentLibrarySectionIsIdempotent]' started.
Test Case '-[ClipboardRouterAppTests.AppWorkflowIntegrationTests testSelectingCurrentLibrarySectionIsIdempotent]' passed (0.023 seconds).
Test Case '-[ClipboardRouterAppTests.AppWorkflowIntegrationTests testSharedFolderWorkflowFailsClosedWhenCapabilityIsMissing]' started.
Test Case '-[ClipboardRouterAppTests.AppWorkflowIntegrationTests testSharedFolderWorkflowFailsClosedWhenCapabilityIsMissing]' passed (0.153 seconds).
Test Case '-[ClipboardRouterAppTests.AppWorkflowIntegrationTests testSharedFolderWorkflowPublishesTruthfulPerFolderStateWithFakeTransport]' started.
Test Case '-[ClipboardRouterAppTests.AppWorkflowIntegrationTests testSharedFolderWorkflowPublishesTruthfulPerFolderStateWithFakeTransport]' passed (0.191 seconds).
Test Case '-[ClipboardRouterAppTests.AppWorkflowIntegrationTests testSharedRemoteTombstoneDeletesLocalClipAndPreservesDeviceFolderOrder]' started.
Test Case '-[ClipboardRouterAppTests.AppWorkflowIntegrationTests testSharedRemoteTombstoneDeletesLocalClipAndPreservesDeviceFolderOrder]' passed (0.381 seconds).
Test Case '-[ClipboardRouterAppTests.AppWorkflowIntegrationTests testSingleClipArchiveSelectionPreservesHistoryMetadataAndRejectsPrivateSession]' started.
Test Case '-[ClipboardRouterAppTests.AppWorkflowIntegrationTests testSingleClipArchiveSelectionPreservesHistoryMetadataAndRejectsPrivateSession]' passed (0.036 seconds).
Test Case '-[ClipboardRouterAppTests.AppWorkflowIntegrationTests testSmartViewsApplyAuthoritativeQueryRecipesAndExposeDynamicFacets]' started.
Test Case '-[ClipboardRouterAppTests.AppWorkflowIntegrationTests testSmartViewsApplyAuthoritativeQueryRecipesAndExposeDynamicFacets]' passed (0.173 seconds).
Test Case '-[ClipboardRouterAppTests.AppWorkflowIntegrationTests testTransformPreviewRejectsSecretRevealedByURLDecoding]' started.
Test Case '-[ClipboardRouterAppTests.AppWorkflowIntegrationTests testTransformPreviewRejectsSecretRevealedByURLDecoding]' passed (0.015 seconds).
Test Case '-[ClipboardRouterAppTests.AppWorkflowIntegrationTests testTypedCopyPasteAndPasteStackForwardCapturedSourceTypeIdentifiers]' started.
Test Case '-[ClipboardRouterAppTests.AppWorkflowIntegrationTests testTypedCopyPasteAndPasteStackForwardCapturedSourceTypeIdentifiers]' passed (0.028 seconds).
Test Case '-[ClipboardRouterAppTests.AppWorkflowIntegrationTests testUnlockReconcilesAuthenticatedDirectHistoryMove]' started.
Test Case '-[ClipboardRouterAppTests.AppWorkflowIntegrationTests testUnlockReconcilesAuthenticatedDirectHistoryMove]' passed (0.033 seconds).
Test Case '-[ClipboardRouterAppTests.AppWorkflowIntegrationTests testUnrestoredSharedFolderPermissionsFailClosed]' started.
Test Case '-[ClipboardRouterAppTests.AppWorkflowIntegrationTests testUnrestoredSharedFolderPermissionsFailClosed]' passed (0.024 seconds).
Test Case '-[ClipboardRouterAppTests.AppWorkflowIntegrationTests testUnsupportedImageHistoryCannotMoveToVault]' started.
Test Case '-[ClipboardRouterAppTests.AppWorkflowIntegrationTests testUnsupportedImageHistoryCannotMoveToVault]' passed (0.022 seconds).
Test Case '-[ClipboardRouterAppTests.AppWorkflowIntegrationTests testVaultAuthenticationFailureDoesNotDeleteOrdinaryHistory]' started.
Test Case '-[ClipboardRouterAppTests.AppWorkflowIntegrationTests testVaultAuthenticationFailureDoesNotDeleteOrdinaryHistory]' passed (0.044 seconds).
Test Case '-[ClipboardRouterAppTests.AppWorkflowIntegrationTests testVaultMoveRequiresReconfirmationWhenConfirmedScopeChanges]' started.
Test Case '-[ClipboardRouterAppTests.AppWorkflowIntegrationTests testVaultMoveRequiresReconfirmationWhenConfirmedScopeChanges]' passed (0.035 seconds).
Test Case '-[ClipboardRouterAppTests.AppWorkflowIntegrationTests testVaultMoveRetryResumesAfterEncryptedAddWhenOrdinaryCommitFailed]' started.
Test Case '-[ClipboardRouterAppTests.AppWorkflowIntegrationTests testVaultMoveRetryResumesAfterEncryptedAddWhenOrdinaryCommitFailed]' passed (0.037 seconds).
Test Case '-[ClipboardRouterAppTests.AppWorkflowIntegrationTests testVaultMoveSummaryCountsExactHistoryAndLinkedSavedCopies]' started.
Test Case '-[ClipboardRouterAppTests.AppWorkflowIntegrationTests testVaultMoveSummaryCountsExactHistoryAndLinkedSavedCopies]' passed (0.013 seconds).
Test Case '-[ClipboardRouterAppTests.AppWorkflowIntegrationTests testVaultWriteFailureDoesNotDeleteOrdinaryHistoryOrSavedCopy]' started.
Test Case '-[ClipboardRouterAppTests.AppWorkflowIntegrationTests testVaultWriteFailureDoesNotDeleteOrdinaryHistoryOrSavedCopy]' passed (0.051 seconds).
Test Suite 'AppWorkflowIntegrationTests' passed at 2026-08-15 11:30:51.460.
	 Executed 67 tests, with 0 failures (0 unexpected) in 6.521 (6.529) seconds
Test Suite 'ApplicationDiscoveryCoordinatorTests' started at 2026-08-15 11:30:51.460.
Test Case '-[ClipboardRouterAppTests.ApplicationDiscoveryCoordinatorTests testCancellationClearsInFlightStateAndAllowsNewGeneration]' started.
Test Case '-[ClipboardRouterAppTests.ApplicationDiscoveryCoordinatorTests testCancellationClearsInFlightStateAndAllowsNewGeneration]' passed (0.000 seconds).
Test Case '-[ClipboardRouterAppTests.ApplicationDiscoveryCoordinatorTests testClockRollbackDoesNotExtendCacheLifetime]' started.
Test Case '-[ClipboardRouterAppTests.ApplicationDiscoveryCoordinatorTests testClockRollbackDoesNotExtendCacheLifetime]' passed (0.000 seconds).
Test Case '-[ClipboardRouterAppTests.ApplicationDiscoveryCoordinatorTests testCompletedSnapshotIsReusedOnlyWithinBoundedTTL]' started.
Test Case '-[ClipboardRouterAppTests.ApplicationDiscoveryCoordinatorTests testCompletedSnapshotIsReusedOnlyWithinBoundedTTL]' passed (0.000 seconds).
Test Case '-[ClipboardRouterAppTests.ApplicationDiscoveryCoordinatorTests testForceRefreshBypassesFreshCompletedSnapshot]' started.
Test Case '-[ClipboardRouterAppTests.ApplicationDiscoveryCoordinatorTests testForceRefreshBypassesFreshCompletedSnapshot]' passed (0.000 seconds).
Test Case '-[ClipboardRouterAppTests.ApplicationDiscoveryCoordinatorTests testRequestsCoalesceWhileDiscoveryIsInFlightEvenWhenForced]' started.
Test Case '-[ClipboardRouterAppTests.ApplicationDiscoveryCoordinatorTests testRequestsCoalesceWhileDiscoveryIsInFlightEvenWhenForced]' passed (0.000 seconds).
Test Case '-[ClipboardRouterAppTests.ApplicationDiscoveryCoordinatorTests testStaleCompletionCannotClearOrCacheNewerGeneration]' started.
Test Case '-[ClipboardRouterAppTests.ApplicationDiscoveryCoordinatorTests testStaleCompletionCannotClearOrCacheNewerGeneration]' passed (0.000 seconds).
Test Suite 'ApplicationDiscoveryCoordinatorTests' passed at 2026-08-15 11:30:51.462.
	 Executed 6 tests, with 0 failures (0 unexpected) in 0.001 (0.001) seconds
Test Suite 'ApplicationVerificationTests' started at 2026-08-15 11:30:51.462.
Test Case '-[ClipboardRouterAppTests.ApplicationVerificationTests testDiscoveryRootsRemainUsefulWhenLoginUserHomeCannotBeResolved]' started.
Test Case '-[ClipboardRouterAppTests.ApplicationVerificationTests testDiscoveryRootsRemainUsefulWhenLoginUserHomeCannotBeResolved]' passed (0.001 seconds).
Test Case '-[ClipboardRouterAppTests.ApplicationVerificationTests testDiscoveryRootsUseRealUserHomeInsteadOfSandboxContainerHome]' started.
Test Case '-[ClipboardRouterAppTests.ApplicationVerificationTests testDiscoveryRootsUseRealUserHomeInsteadOfSandboxContainerHome]' passed (0.000 seconds).
Test Case '-[ClipboardRouterAppTests.ApplicationVerificationTests testVerificationBoundsConcurrentSignatureChecks]' started.
Test Case '-[ClipboardRouterAppTests.ApplicationVerificationTests testVerificationBoundsConcurrentSignatureChecks]' passed (0.073 seconds).
Test Case '-[ClipboardRouterAppTests.ApplicationVerificationTests testVerificationKeepsValidPlatformSignedApplicationWithoutTeamIdentifier]' started.
Test Case '-[ClipboardRouterAppTests.ApplicationVerificationTests testVerificationKeepsValidPlatformSignedApplicationWithoutTeamIdentifier]' passed (0.000 seconds).
Test Case '-[ClipboardRouterAppTests.ApplicationVerificationTests testVerificationPreservesDiscoveryOrderAndDropsUnverifiedApplications]' started.
Test Case '-[ClipboardRouterAppTests.ApplicationVerificationTests testVerificationPreservesDiscoveryOrderAndDropsUnverifiedApplications]' passed (0.000 seconds).
Test Case '-[ClipboardRouterAppTests.ApplicationVerificationTests testVerificationPreservesDistinctInstalledCopiesWithTheSameBundleIdentifier]' started.
Test Case '-[ClipboardRouterAppTests.ApplicationVerificationTests testVerificationPreservesDistinctInstalledCopiesWithTheSameBundleIdentifier]' passed (0.000 seconds).
Test Suite 'ApplicationVerificationTests' passed at 2026-08-15 11:30:51.537.
	 Executed 6 tests, with 0 failures (0 unexpected) in 0.075 (0.075) seconds
Test Suite 'AutomaticOrganizationAppTests' started at 2026-08-15 11:30:51.537.
Test Case '-[ClipboardRouterAppTests.AutomaticOrganizationAppTests testAlwaysApplyRunsOnlyAfterLocalSaveAndNotDuringStartupLoad]' started.
Test Case '-[ClipboardRouterAppTests.AutomaticOrganizationAppTests testAlwaysApplyRunsOnlyAfterLocalSaveAndNotDuringStartupLoad]' passed (0.027 seconds).
Test Case '-[ClipboardRouterAppTests.AutomaticOrganizationAppTests testMatcherEditorRoundTripsCustomModePatternAndCaseSensitivity]' started.
Test Case '-[ClipboardRouterAppTests.AutomaticOrganizationAppTests testMatcherEditorRoundTripsCustomModePatternAndCaseSensitivity]' passed (0.000 seconds).
Test Case '-[ClipboardRouterAppTests.AutomaticOrganizationAppTests testPreviewApplyOnceAndUndoRoundTripThroughAppModel]' started.
Test Case '-[ClipboardRouterAppTests.AutomaticOrganizationAppTests testPreviewApplyOnceAndUndoRoundTripThroughAppModel]' passed (0.037 seconds).
Test Case '-[ClipboardRouterAppTests.AutomaticOrganizationAppTests testRuleCreateEditToggleBehaviorReorderSuppressAndDeleteRoundTrip]' started.
Test Case '-[ClipboardRouterAppTests.AutomaticOrganizationAppTests testRuleCreateEditToggleBehaviorReorderSuppressAndDeleteRoundTrip]' passed (0.086 seconds).
Test Case '-[ClipboardRouterAppTests.AutomaticOrganizationAppTests testRuleEditRejectsStaleSourceAndIneligibleDestinationWithoutMutation]' started.
Test Case '-[ClipboardRouterAppTests.AutomaticOrganizationAppTests testRuleEditRejectsStaleSourceAndIneligibleDestinationWithoutMutation]' passed (0.024 seconds).
Test Suite 'AutomaticOrganizationAppTests' passed at 2026-08-15 11:30:51.712.
	 Executed 5 tests, with 0 failures (0 unexpected) in 0.175 (0.175) seconds
Test Suite 'AutomaticOrganizationTests' started at 2026-08-15 11:30:51.712.
Test Case '-[ClipboardRouterCoreTests.AutomaticOrganizationTests testAtomicFolderAndTagMutationProducesReversibleStatesAndRejectsStaleUndo]' started.
Test Case '-[ClipboardRouterCoreTests.AutomaticOrganizationTests testAtomicFolderAndTagMutationProducesReversibleStatesAndRejectsStaleUndo]' passed (0.002 seconds).
Test Case '-[ClipboardRouterCoreTests.AutomaticOrganizationTests testCustomSafeRegexMatchesAndUnsafeRegexCannotBecomeARule]' started.
Test Case '-[ClipboardRouterCoreTests.AutomaticOrganizationTests testCustomSafeRegexMatchesAndUnsafeRegexCannotBecomeARule]' passed (0.000 seconds).
Test Case '-[ClipboardRouterCoreTests.AutomaticOrganizationTests testEvaluationAndAutomaticApplicationCountsAreBounded]' started.
Test Case '-[ClipboardRouterCoreTests.AutomaticOrganizationTests testEvaluationAndAutomaticApplicationCountsAreBounded]' passed (0.001 seconds).
Test Case '-[ClipboardRouterCoreTests.AutomaticOrganizationTests testPersistenceRoundTripAndChecksumFailure]' started.
Test Case '-[ClipboardRouterCoreTests.AutomaticOrganizationTests testPersistenceRoundTripAndChecksumFailure]' passed (0.003 seconds).
Test Case '-[ClipboardRouterCoreTests.AutomaticOrganizationTests testProtectedAndUncommittedOriginsFailClosed]' started.
Test Case '-[ClipboardRouterCoreTests.AutomaticOrganizationTests testProtectedAndUncommittedOriginsFailClosed]' passed (0.000 seconds).
Test Case '-[ClipboardRouterCoreTests.AutomaticOrganizationTests testRuleReplacementIsAtomicAndPreservesEditorImmutableState]' started.
Test Case '-[ClipboardRouterCoreTests.AutomaticOrganizationTests testRuleReplacementIsAtomicAndPreservesEditorImmutableState]' passed (0.000 seconds).
Test Case '-[ClipboardRouterCoreTests.AutomaticOrganizationTests testRulesEvaluateDeterministicallyByPriorityWithReasonsAndConfidence]' started.
Test Case '-[ClipboardRouterCoreTests.AutomaticOrganizationTests testRulesEvaluateDeterministicallyByPriorityWithReasonsAndConfidence]' passed (0.001 seconds).
Test Suite 'AutomaticOrganizationTests' passed at 2026-08-15 11:30:51.721.
	 Executed 7 tests, with 0 failures (0 unexpected) in 0.008 (0.008) seconds
Test Suite 'AutomationFlowTests' started at 2026-08-15 11:30:51.721.
Test Case '-[ClipboardRouterCoreTests.AutomationFlowTests testAutomaticExternalFlowRequiresReview]' started.
Test Case '-[ClipboardRouterCoreTests.AutomationFlowTests testAutomaticExternalFlowRequiresReview]' passed (0.000 seconds).
Test Case '-[ClipboardRouterCoreTests.AutomationFlowTests testCustomTextFlowCannotPersistWithoutValidatedMatcher]' started.
Test Case '-[ClipboardRouterCoreTests.AutomationFlowTests testCustomTextFlowCannotPersistWithoutValidatedMatcher]' passed (0.000 seconds).
Test Case '-[ClipboardRouterCoreTests.AutomationFlowTests testCustomTextFlowPersistsMatcherAndMatchesClipText]' started.
Test Case '-[ClipboardRouterCoreTests.AutomationFlowTests testCustomTextFlowPersistsMatcherAndMatchesClipText]' passed (0.000 seconds).
Test Case '-[ClipboardRouterCoreTests.AutomationFlowTests testFlowDecodeRevalidatesBoundsAndSharedPortability]' started.
Test Case '-[ClipboardRouterCoreTests.AutomationFlowTests testFlowDecodeRevalidatesBoundsAndSharedPortability]' passed (0.000 seconds).
Test Case '-[ClipboardRouterCoreTests.AutomationFlowTests testOrganizationStepsCommitTagsAndMoveAtomically]' started.
Test Case '-[ClipboardRouterCoreTests.AutomationFlowTests testOrganizationStepsCommitTagsAndMoveAtomically]' passed (0.001 seconds).
Test Case '-[ClipboardRouterCoreTests.AutomationFlowTests testOrganizationStepsMustPrecedeSideEffects]' started.
Test Case '-[ClipboardRouterCoreTests.AutomationFlowTests testOrganizationStepsMustPrecedeSideEffects]' passed (0.000 seconds).
Test Suite 'AutomationFlowTests' passed at 2026-08-15 11:30:51.723.
	 Executed 6 tests, with 0 failures (0 unexpected) in 0.002 (0.003) seconds
Test Suite 'AutomationRunAppTests' started at 2026-08-15 11:30:51.723.
Test Case '-[ClipboardRouterAppTests.AutomationRunAppTests testChangedFlowFailsRecoveredRunClosed]' started.
Test Case '-[ClipboardRouterAppTests.AutomationRunAppTests testChangedFlowFailsRecoveredRunClosed]' passed (0.014 seconds).
Test Case '-[ClipboardRouterAppTests.AutomationRunAppTests testCompletedOrganizationReceiptDoesNotReplayAndLeavesPasteboardUntouched]' started.
Test Case '-[ClipboardRouterAppTests.AutomationRunAppTests testCompletedOrganizationReceiptDoesNotReplayAndLeavesPasteboardUntouched]' passed (0.028 seconds).
Test Case '-[ClipboardRouterAppTests.AutomationRunAppTests testPendingReviewSurvivesRelaunchWithoutTouchingPasteboard]' started.
Test Case '-[ClipboardRouterAppTests.AutomationRunAppTests testPendingReviewSurvivesRelaunchWithoutTouchingPasteboard]' passed (0.015 seconds).
Test Case '-[ClipboardRouterAppTests.AutomationRunAppTests testRestoredOrSyncLikeFolderContentsNeverCreateTriggerRuns]' started.
Test Case '-[ClipboardRouterAppTests.AutomationRunAppTests testRestoredOrSyncLikeFolderContentsNeverCreateTriggerRuns]' passed (0.015 seconds).
Test Suite 'AutomationRunAppTests' passed at 2026-08-15 11:30:51.796.
	 Executed 4 tests, with 0 failures (0 unexpected) in 0.073 (0.073) seconds
Test Suite 'AutomationRunLedgerTests' started at 2026-08-15 11:30:51.796.
Test Case '-[ClipboardRouterCoreTests.AutomationRunLedgerTests testCrashRecoveryPreservesCompletedStepAndMakesUnknownExternalOutcomeUncertain]' started.
Test Case '-[ClipboardRouterCoreTests.AutomationRunLedgerTests testCrashRecoveryPreservesCompletedStepAndMakesUnknownExternalOutcomeUncertain]' passed (0.001 seconds).
Test Case '-[ClipboardRouterCoreTests.AutomationRunLedgerTests testDuplicateTriggerReturnsExistingRun]' started.
Test Case '-[ClipboardRouterCoreTests.AutomationRunLedgerTests testDuplicateTriggerReturnsExistingRun]' passed (0.001 seconds).
Test Case '-[ClipboardRouterCoreTests.AutomationRunLedgerTests testExpiredLeaseRecoversSafeStepButBlocksUnknownExternalReplay]' started.
Test Case '-[ClipboardRouterCoreTests.AutomationRunLedgerTests testExpiredLeaseRecoversSafeStepButBlocksUnknownExternalReplay]' passed (0.001 seconds).
Test Case '-[ClipboardRouterCoreTests.AutomationRunLedgerTests testOnlyRetrySafeFailedStepCanBeClaimedAgain]' started.
Test Case '-[ClipboardRouterCoreTests.AutomationRunLedgerTests testOnlyRetrySafeFailedStepCanBeClaimedAgain]' passed (0.001 seconds).
Test Case '-[ClipboardRouterCoreTests.AutomationRunLedgerTests testPauseHooksPreventNewClaimsWithoutChangingReceipts]' started.
Test Case '-[ClipboardRouterCoreTests.AutomationRunLedgerTests testPauseHooksPreventNewClaimsWithoutChangingReceipts]' passed (0.000 seconds).
Test Case '-[ClipboardRouterCoreTests.AutomationRunLedgerTests testPersistenceIsChecksummedPrivateAndContainsNoBodiesCredentialsOrBookmarks]' started.
Test Case '-[ClipboardRouterCoreTests.AutomationRunLedgerTests testPersistenceIsChecksummedPrivateAndContainsNoBodiesCredentialsOrBookmarks]' passed (0.003 seconds).
Test Case '-[ClipboardRouterCoreTests.AutomationRunLedgerTests testTwoWorkersCannotClaimSameStep]' started.
Test Case '-[ClipboardRouterCoreTests.AutomationRunLedgerTests testTwoWorkersCannotClaimSameStep]' passed (0.001 seconds).
Test Suite 'AutomationRunLedgerTests' passed at 2026-08-15 11:30:51.803.
	 Executed 7 tests, with 0 failures (0 unexpected) in 0.007 (0.007) seconds
Test Suite 'CRMAppTests' started at 2026-08-15 11:30:51.803.
Test Case '-[ClipboardRouterAppTests.CRMAppTests testConnectedOrdinaryTextClipOpensEditableTaskReview]' started.
Test Case '-[ClipboardRouterAppTests.CRMAppTests testConnectedOrdinaryTextClipOpensEditableTaskReview]' passed (0.016 seconds).
Test Case '-[ClipboardRouterAppTests.CRMAppTests testConnectionDefinitionPersistsWithoutOAuthToken]' started.
Test Case '-[ClipboardRouterAppTests.CRMAppTests testConnectionDefinitionPersistsWithoutOAuthToken]' passed (0.011 seconds).
Test Case '-[ClipboardRouterAppTests.CRMAppTests testDisconnectDeletesCredentialsButRetainsDefinition]' started.
Test Case '-[ClipboardRouterAppTests.CRMAppTests testDisconnectDeletesCredentialsButRetainsDefinition]' passed (0.011 seconds).
Test Case '-[ClipboardRouterAppTests.CRMAppTests testHubSpotWithoutHTTPSTokenBrokerIsTruthfullyBlocked]' started.
Test Case '-[ClipboardRouterAppTests.CRMAppTests testHubSpotWithoutHTTPSTokenBrokerIsTruthfullyBlocked]' passed (0.011 seconds).
Test Case '-[ClipboardRouterAppTests.CRMAppTests testRichTextAndLocationBearingClipsCannotOpenCRMReview]' started.
Test Case '-[ClipboardRouterAppTests.CRMAppTests testRichTextAndLocationBearingClipsCannotOpenCRMReview]' passed (0.013 seconds).
Test Suite 'CRMAppTests' passed at 2026-08-15 11:30:51.866.
	 Executed 5 tests, with 0 failures (0 unexpected) in 0.062 (0.062) seconds
Test Suite 'CRMConnectorPlatformTests' started at 2026-08-15 11:30:51.866.
Test Case '-[ClipboardRouterPlatformTests.CRMConnectorPlatformTests testDuplicateLookup404FailsClosedBeforeCreate]' started.
Test Case '-[ClipboardRouterPlatformTests.CRMConnectorPlatformTests testDuplicateLookup404FailsClosedBeforeCreate]' passed (0.001 seconds).
Test Case '-[ClipboardRouterPlatformTests.CRMConnectorPlatformTests testDuplicateRecordStopsCreateWrite]' started.
Test Case '-[ClipboardRouterPlatformTests.CRMConnectorPlatformTests testDuplicateRecordStopsCreateWrite]' passed (0.001 seconds).
Test Case '-[ClipboardRouterPlatformTests.CRMConnectorPlatformTests testEditedDefinitionCannotRedirectInFlightOAuthExchange]' started.
Test Case '-[ClipboardRouterPlatformTests.CRMConnectorPlatformTests testEditedDefinitionCannotRedirectInFlightOAuthExchange]' passed (0.000 seconds).
Test Case '-[ClipboardRouterPlatformTests.CRMConnectorPlatformTests testExpiredOAuthAttemptDoesNotExchangeCode]' started.
Test Case '-[ClipboardRouterPlatformTests.CRMConnectorPlatformTests testExpiredOAuthAttemptDoesNotExchangeCode]' passed (0.000 seconds).
Test Case '-[ClipboardRouterPlatformTests.CRMConnectorPlatformTests testHubSpotBrokerIsRequiredBeforeAuthorization]' started.
Test Case '-[ClipboardRouterPlatformTests.CRMConnectorPlatformTests testHubSpotBrokerIsRequiredBeforeAuthorization]' passed (0.000 seconds).
Test Case '-[ClipboardRouterPlatformTests.CRMConnectorPlatformTests testHubSpotContactWriteUsesProviderPropertyNames]' started.
Test Case '-[ClipboardRouterPlatformTests.CRMConnectorPlatformTests testHubSpotContactWriteUsesProviderPropertyNames]' passed (0.000 seconds).
Test Case '-[ClipboardRouterPlatformTests.CRMConnectorPlatformTests testHubSpotDuplicateLookupUsesSearchEndpointAndReviewedEmail]' started.
Test Case '-[ClipboardRouterPlatformTests.CRMConnectorPlatformTests testHubSpotDuplicateLookupUsesSearchEndpointAndReviewedEmail]' passed (0.000 seconds).
Test Case '-[ClipboardRouterPlatformTests.CRMConnectorPlatformTests testHubSpotExchangeUsesConfiguredBrokerAndNeverDirectTokenEndpoint]' started.
Test Case '-[ClipboardRouterPlatformTests.CRMConnectorPlatformTests testHubSpotExchangeUsesConfiguredBrokerAndNeverDirectTokenEndpoint]' passed (0.000 seconds).
Test Case '-[ClipboardRouterPlatformTests.CRMConnectorPlatformTests testMalformedDuplicateResponseFailsClosedBeforeCreate]' started.
Test Case '-[ClipboardRouterPlatformTests.CRMConnectorPlatformTests testMalformedDuplicateResponseFailsClosedBeforeCreate]' passed (0.000 seconds).
Test Case '-[ClipboardRouterPlatformTests.CRMConnectorPlatformTests testProviderResponseRejectsUnsafeRecordID]' started.
Test Case '-[ClipboardRouterPlatformTests.CRMConnectorPlatformTests testProviderResponseRejectsUnsafeRecordID]' passed (0.000 seconds).
Test Case '-[ClipboardRouterPlatformTests.CRMConnectorPlatformTests testRateLimitReturnsRetryAfterWithoutCreating]' started.
Test Case '-[ClipboardRouterPlatformTests.CRMConnectorPlatformTests testRateLimitReturnsRetryAfterWithoutCreating]' passed (0.000 seconds).
Test Case '-[ClipboardRouterPlatformTests.CRMConnectorPlatformTests testSalesforceAuthorizationUsesPKCEStateAndNativeCallback]' started.
Test Case '-[ClipboardRouterPlatformTests.CRMConnectorPlatformTests testSalesforceAuthorizationUsesPKCEStateAndNativeCallback]' passed (0.000 seconds).
Test Case '-[ClipboardRouterPlatformTests.CRMConnectorPlatformTests testSalesforceCompanyLookupQueriesReviewedName]' started.
Test Case '-[ClipboardRouterPlatformTests.CRMConnectorPlatformTests testSalesforceCompanyLookupQueriesReviewedName]' passed (0.000 seconds).
Test Case '-[ClipboardRouterPlatformTests.CRMConnectorPlatformTests testSalesforceCompanyLookupRequiresReviewedNameInsteadOfDomain]' started.
Test Case '-[ClipboardRouterPlatformTests.CRMConnectorPlatformTests testSalesforceCompanyLookupRequiresReviewedNameInsteadOfDomain]' passed (0.000 seconds).
Test Case '-[ClipboardRouterPlatformTests.CRMConnectorPlatformTests testSalesforceCreateUsesVersionedSObjectEndpoint]' started.
Test Case '-[ClipboardRouterPlatformTests.CRMConnectorPlatformTests testSalesforceCreateUsesVersionedSObjectEndpoint]' passed (0.000 seconds).
Test Case '-[ClipboardRouterPlatformTests.CRMConnectorPlatformTests testSalesforceExchangeSendsVerifierWithoutClientSecret]' started.
Test Case '-[ClipboardRouterPlatformTests.CRMConnectorPlatformTests testSalesforceExchangeSendsVerifierWithoutClientSecret]' passed (0.000 seconds).
Test Case '-[ClipboardRouterPlatformTests.CRMConnectorPlatformTests testSalesforceFollowUpTaskWriteUsesAllowlistedTaskFields]' started.
Test Case '-[ClipboardRouterPlatformTests.CRMConnectorPlatformTests testSalesforceFollowUpTaskWriteUsesAllowlistedTaskFields]' passed (0.000 seconds).
Test Case '-[ClipboardRouterPlatformTests.CRMConnectorPlatformTests testSalesforcePhoneOnlyContactQueriesReviewedPhone]' started.
Test Case '-[ClipboardRouterPlatformTests.CRMConnectorPlatformTests testSalesforcePhoneOnlyContactQueriesReviewedPhone]' passed (0.000 seconds).
Test Case '-[ClipboardRouterPlatformTests.CRMConnectorPlatformTests testSalesforceRequestRejectsNonHTTPSInstanceURL]' started.
Test Case '-[ClipboardRouterPlatformTests.CRMConnectorPlatformTests testSalesforceRequestRejectsNonHTTPSInstanceURL]' passed (0.000 seconds).
Test Case '-[ClipboardRouterPlatformTests.CRMConnectorPlatformTests testSecondUnauthorizedResponseRequiresReconnect]' started.
Test Case '-[ClipboardRouterPlatformTests.CRMConnectorPlatformTests testSecondUnauthorizedResponseRequiresReconnect]' passed (0.000 seconds).
Test Case '-[ClipboardRouterPlatformTests.CRMConnectorPlatformTests testStateMismatchDoesNotCallTransport]' started.
Test Case '-[ClipboardRouterPlatformTests.CRMConnectorPlatformTests testStateMismatchDoesNotCallTransport]' passed (0.000 seconds).
Test Case '-[ClipboardRouterPlatformTests.CRMConnectorPlatformTests testTimeoutAfterWriteRequiresReconciliationAndDoesNotRetry]' started.
Test Case '-[ClipboardRouterPlatformTests.CRMConnectorPlatformTests testTimeoutAfterWriteRequiresReconciliationAndDoesNotRetry]' passed (0.000 seconds).
Test Case '-[ClipboardRouterPlatformTests.CRMConnectorPlatformTests testUnauthorizedLookupRefreshesOnceThenCreates]' started.
Test Case '-[ClipboardRouterPlatformTests.CRMConnectorPlatformTests testUnauthorizedLookupRefreshesOnceThenCreates]' passed (0.000 seconds).
Test Case '-[ClipboardRouterPlatformTests.CRMConnectorPlatformTests testWriteRequestMarksOnlyMutationAsPossiblyCommitted]' started.
Test Case '-[ClipboardRouterPlatformTests.CRMConnectorPlatformTests testWriteRequestMarksOnlyMutationAsPossiblyCommitted]' passed (0.000 seconds).
Test Suite 'CRMConnectorPlatformTests' passed at 2026-08-15 11:30:51.874.
	 Executed 24 tests, with 0 failures (0 unexpected) in 0.007 (0.008) seconds
Test Suite 'CRMConnectorTests' started at 2026-08-15 11:30:51.874.
Test Case '-[ClipboardRouterCoreTests.CRMConnectorTests testFieldMappingAcceptsAllowlistedContactFields]' started.
Test Case '-[ClipboardRouterCoreTests.CRMConnectorTests testFieldMappingAcceptsAllowlistedContactFields]' passed (0.000 seconds).
Test Case '-[ClipboardRouterCoreTests.CRMConnectorTests testFieldMappingRejectsUnknownProviderField]' started.
Test Case '-[ClipboardRouterCoreTests.CRMConnectorTests testFieldMappingRejectsUnknownProviderField]' passed (0.000 seconds).
Test Case '-[ClipboardRouterCoreTests.CRMConnectorTests testFieldMappingRejectsWhitespaceOnlyValue]' started.
Test Case '-[ClipboardRouterCoreTests.CRMConnectorTests testFieldMappingRejectsWhitespaceOnlyValue]' passed (0.000 seconds).
Test Case '-[ClipboardRouterCoreTests.CRMConnectorTests testHubSpotRejectsBrokerURLWithEmbeddedCredentials]' started.
Test Case '-[ClipboardRouterCoreTests.CRMConnectorTests testHubSpotRejectsBrokerURLWithEmbeddedCredentials]' passed (0.000 seconds).
Test Case '-[ClipboardRouterCoreTests.CRMConnectorTests testHubSpotRequiresHTTPSTokenBroker]' started.
Test Case '-[ClipboardRouterCoreTests.CRMConnectorTests testHubSpotRequiresHTTPSTokenBroker]' passed (0.000 seconds).
Test Case '-[ClipboardRouterCoreTests.CRMConnectorTests testIdempotencyKeyChangesWhenReviewedValueChanges]' started.
Test Case '-[ClipboardRouterCoreTests.CRMConnectorTests testIdempotencyKeyChangesWhenReviewedValueChanges]' passed (0.000 seconds).
Test Case '-[ClipboardRouterCoreTests.CRMConnectorTests testIdempotencyKeyIsStableAcrossDictionaryOrder]' started.
Test Case '-[ClipboardRouterCoreTests.CRMConnectorTests testIdempotencyKeyIsStableAcrossDictionaryOrder]' passed (0.000 seconds).
Test Case '-[ClipboardRouterCoreTests.CRMConnectorTests testNewContactRequiresDuplicateLookupKey]' started.
Test Case '-[ClipboardRouterCoreTests.CRMConnectorTests testNewContactRequiresDuplicateLookupKey]' passed (0.000 seconds).
Test Case '-[ClipboardRouterCoreTests.CRMConnectorTests testSalesforceContactCreateRequiresLastName]' started.
Test Case '-[ClipboardRouterCoreTests.CRMConnectorTests testSalesforceContactCreateRequiresLastName]' passed (0.000 seconds).
Test Case '-[ClipboardRouterCoreTests.CRMConnectorTests testSalesforceDoesNotRequireTokenBroker]' started.
Test Case '-[ClipboardRouterCoreTests.CRMConnectorTests testSalesforceDoesNotRequireTokenBroker]' passed (0.000 seconds).
Test Case '-[ClipboardRouterCoreTests.CRMConnectorTests testUpdateRejectsProviderIDThatCouldEscapeURLPath]' started.
Test Case '-[ClipboardRouterCoreTests.CRMConnectorTests testUpdateRejectsProviderIDThatCouldEscapeURLPath]' passed (0.000 seconds).
Test Case '-[ClipboardRouterCoreTests.CRMConnectorTests testUpdateRequiresProviderRecordID]' started.
Test Case '-[ClipboardRouterCoreTests.CRMConnectorTests testUpdateRequiresProviderRecordID]' passed (0.000 seconds).
Test Case '-[ClipboardRouterCoreTests.CRMConnectorTests testWriteReviewRejectsMappingForDifferentObject]' started.
Test Case '-[ClipboardRouterCoreTests.CRMConnectorTests testWriteReviewRejectsMappingForDifferentObject]' passed (0.000 seconds).
Test Suite 'CRMConnectorTests' passed at 2026-08-15 11:30:51.876.
	 Executed 13 tests, with 0 failures (0 unexpected) in 0.001 (0.002) seconds
Test Suite 'CaptureContextAppTests' started at 2026-08-15 11:30:51.876.
Test Case '-[ClipboardRouterAppTests.CaptureContextAppTests testDeniedLocationLeavesOrdinaryCaptureWorking]' started.
Test Case '-[ClipboardRouterAppTests.CaptureContextAppTests testDeniedLocationLeavesOrdinaryCaptureWorking]' passed (0.035 seconds).
Test Case '-[ClipboardRouterAppTests.CaptureContextAppTests testOrdinaryCaptureAttachesSeparatelyConsentedContextAndMakesItSearchable]' started.
Test Case '-[ClipboardRouterAppTests.CaptureContextAppTests testOrdinaryCaptureAttachesSeparatelyConsentedContextAndMakesItSearchable]' passed (0.155 seconds).
Test Case '-[ClipboardRouterAppTests.CaptureContextAppTests testPrivateSessionNeverReceivesOptionalContext]' started.
Test Case '-[ClipboardRouterAppTests.CaptureContextAppTests testPrivateSessionNeverReceivesOptionalContext]' passed (0.035 seconds).
Test Suite 'CaptureContextAppTests' passed at 2026-08-15 11:30:52.101.
	 Executed 3 tests, with 0 failures (0 unexpected) in 0.225 (0.225) seconds
Test Suite 'CaptureContextLibraryTests' started at 2026-08-15 11:30:52.101.
Test Case '-[ClipboardRouterCoreTests.CaptureContextLibraryTests testDeleteCapturedContextIsAtomicAndPreservesSourceMetadata]' started.
Test Case '-[ClipboardRouterCoreTests.CaptureContextLibraryTests testDeleteCapturedContextIsAtomicAndPreservesSourceMetadata]' passed (0.001 seconds).
Test Case '-[ClipboardRouterCoreTests.CaptureContextLibraryTests testDeviceAndLocationConsentAreSeparateAndOffByDefault]' started.
Test Case '-[ClipboardRouterCoreTests.CaptureContextLibraryTests testDeviceAndLocationConsentAreSeparateAndOffByDefault]' passed (0.001 seconds).
Test Suite 'CaptureContextLibraryTests' passed at 2026-08-15 11:30:52.103.
	 Executed 2 tests, with 0 failures (0 unexpected) in 0.002 (0.002) seconds
Test Suite 'CaptureContextProviderTests' started at 2026-08-15 11:30:52.103.
Test Case '-[ClipboardRouterPlatformTests.CaptureContextProviderTests testOnlyReducedContextCanBePersistedAndCacheExpiresOrClears]' started.
Test Case '-[ClipboardRouterPlatformTests.CaptureContextProviderTests testOnlyReducedContextCanBePersistedAndCacheExpiresOrClears]' passed (0.000 seconds).
Test Case '-[ClipboardRouterPlatformTests.CaptureContextProviderTests testRefreshNeverRequestsPermissionButExplicitAllowDoes]' started.
Test Case '-[ClipboardRouterPlatformTests.CaptureContextProviderTests testRefreshNeverRequestsPermissionButExplicitAllowDoes]' passed (0.000 seconds).
Test Case '-[ClipboardRouterPlatformTests.CaptureContextProviderTests testStaleOrInaccurateSamplesFailClosedWithoutCaching]' started.
Test Case '-[ClipboardRouterPlatformTests.CaptureContextProviderTests testStaleOrInaccurateSamplesFailClosedWithoutCaching]' passed (0.000 seconds).
Test Suite 'CaptureContextProviderTests' passed at 2026-08-15 11:30:52.104.
	 Executed 3 tests, with 0 failures (0 unexpected) in 0.001 (0.001) seconds
Test Suite 'ClipActionCatalogTests' started at 2026-08-15 11:30:52.105.
Test Case '-[ClipboardRouterAppTests.ClipActionCatalogTests testActionInventoryParityAcrossSupportedClipStates]' started.
Test Case '-[ClipboardRouterAppTests.ClipActionCatalogTests testActionInventoryParityAcrossSupportedClipStates]' passed (0.001 seconds).
Test Case '-[ClipboardRouterAppTests.ClipActionCatalogTests testAIAndCRMRemainIndependentCapabilities]' started.
Test Case '-[ClipboardRouterAppTests.ClipActionCatalogTests testAIAndCRMRemainIndependentCapabilities]' passed (0.000 seconds).
Test Case '-[ClipboardRouterAppTests.ClipActionCatalogTests testEveryInventoryHasUniqueStableIDsAndCanonicalOrdering]' started.
Test Case '-[ClipboardRouterAppTests.ClipActionCatalogTests testEveryInventoryHasUniqueStableIDsAndCanonicalOrdering]' passed (0.001 seconds).
Test Case '-[ClipboardRouterAppTests.ClipActionCatalogTests testPrivateAndSensitiveStatesDoNotExposeOutboundActions]' started.
Test Case '-[ClipboardRouterAppTests.ClipActionCatalogTests testPrivateAndSensitiveStatesDoNotExposeOutboundActions]' passed (0.000 seconds).
Test Case '-[ClipboardRouterAppTests.ClipActionCatalogTests testSharedViewerMutationsAreVisibleButTruthfullyDisabled]' started.
Test Case '-[ClipboardRouterAppTests.ClipActionCatalogTests testSharedViewerMutationsAreVisibleButTruthfullyDisabled]' passed (0.000 seconds).
Test Suite 'ClipActionCatalogTests' passed at 2026-08-15 11:30:52.107.
	 Executed 5 tests, with 0 failures (0 unexpected) in 0.002 (0.003) seconds
Test Suite 'ClipArchiveTests' started at 2026-08-15 11:30:52.107.
Test Case '-[ClipboardRouterCoreTests.ClipArchiveTests testArchiveNeverOverwritesExistingDestination]' started.
Test Case '-[ClipboardRouterCoreTests.ClipArchiveTests testArchiveNeverOverwritesExistingDestination]' passed (0.001 seconds).
Test Case '-[ClipboardRouterCoreTests.ClipArchiveTests testArchiveOmitsFlaggedSensitiveClipsUnlessExactIDIsExplicitlyIncluded]' started.
Test Case '-[ClipboardRouterCoreTests.ClipArchiveTests testArchiveOmitsFlaggedSensitiveClipsUnlessExactIDIsExplicitlyIncluded]' passed (0.004 seconds).
Test Case '-[ClipboardRouterCoreTests.ClipArchiveTests testArchiveOmitsWholeMixedClipsAndStructuredFileURLsWithoutLeakingPaths]' started.
Test Case '-[ClipboardRouterCoreTests.ClipArchiveTests testArchiveOmitsWholeMixedClipsAndStructuredFileURLsWithoutLeakingPaths]' passed (0.003 seconds).
Test Case '-[ClipboardRouterCoreTests.ClipArchiveTests testArchiveRoundTripIncludesAssetsFoldersAndOmissionReport]' started.
Test Case '-[ClipboardRouterCoreTests.ClipArchiveTests testArchiveRoundTripIncludesAssetsFoldersAndOmissionReport]' passed (0.006 seconds).
Test Suite 'ClipArchiveTests' passed at 2026-08-15 11:30:52.122.
	 Executed 4 tests, with 0 failures (0 unexpected) in 0.015 (0.015) seconds
Test Suite 'ClipPresentationTests' started at 2026-08-15 11:30:52.122.
Test Case '-[ClipboardRouterAppTests.ClipPresentationTests testClipAgeUsesMinuteGranularityWithoutASecondsCountdown]' started.
Test Case '-[ClipboardRouterAppTests.ClipPresentationTests testClipAgeUsesMinuteGranularityWithoutASecondsCountdown]' passed (0.000 seconds).
Test Case '-[ClipboardRouterAppTests.ClipPresentationTests testClipAgeYesterdayUsesTheSuppliedReferenceDate]' started.
Test Case '-[ClipboardRouterAppTests.ClipPresentationTests testClipAgeYesterdayUsesTheSuppliedReferenceDate]' passed (0.000 seconds).
Test Case '-[ClipboardRouterAppTests.ClipPresentationTests testMenuBarHoverPreviewDescriptorListsStoredFileNames]' started.
Test Case '-[ClipboardRouterAppTests.ClipPresentationTests testMenuBarHoverPreviewDescriptorListsStoredFileNames]' passed (0.000 seconds).
Test Case '-[ClipboardRouterAppTests.ClipPresentationTests testMenuBarHoverPreviewDescriptorPreservesLargeStoredTextForTextKitRendering]' started.
Test Case '-[ClipboardRouterAppTests.ClipPresentationTests testMenuBarHoverPreviewDescriptorPreservesLargeStoredTextForTextKitRendering]' passed (0.002 seconds).
Test Case '-[ClipboardRouterAppTests.ClipPresentationTests testMenuBarHoverPreviewPolicyExcludesPrivateSessionClips]' started.
Test Case '-[ClipboardRouterAppTests.ClipPresentationTests testMenuBarHoverPreviewPolicyExcludesPrivateSessionClips]' passed (0.000 seconds).
Test Case '-[ClipboardRouterAppTests.ClipPresentationTests testMenuBarHoverPreviewUsesOnlyStoredContentAndMetadata]' started.
Test Case '-[ClipboardRouterAppTests.ClipPresentationTests testMenuBarHoverPreviewUsesOnlyStoredContentAndMetadata]' passed (0.000 seconds).
Test Case '-[ClipboardRouterAppTests.ClipPresentationTests testStoredLinkPreviewFallsBackToHostAndRejectsUnsafeSchemes]' started.
Test Case '-[ClipboardRouterAppTests.ClipPresentationTests testStoredLinkPreviewFallsBackToHostAndRejectsUnsafeSchemes]' passed (0.000 seconds).
Test Case '-[ClipboardRouterAppTests.ClipPresentationTests testStoredLinkPreviewUsesOnlyValidatedStoredMetadata]' started.
Test Case '-[ClipboardRouterAppTests.ClipPresentationTests testStoredLinkPreviewUsesOnlyValidatedStoredMetadata]' passed (0.000 seconds).
Test Suite 'ClipPresentationTests' passed at 2026-08-15 11:30:52.126.
	 Executed 8 tests, with 0 failures (0 unexpected) in 0.003 (0.003) seconds
Test Suite 'ClipThumbnailLoaderTests' started at 2026-08-15 11:30:52.126.
Test Case '-[ClipboardRouterAppTests.ClipThumbnailLoaderTests testCancellationPreventsAReleasedReadFromDecodingOrCaching]' started.
Test Case '-[ClipboardRouterAppTests.ClipThumbnailLoaderTests testCancellationPreventsAReleasedReadFromDecodingOrCaching]' passed (0.038 seconds).
Test Case '-[ClipboardRouterAppTests.ClipThumbnailLoaderTests testLoaderDownsamplesAndCachesCompletedThumbnail]' started.
Test Case '-[ClipboardRouterAppTests.ClipThumbnailLoaderTests testLoaderDownsamplesAndCachesCompletedThumbnail]' passed (0.002 seconds).
Test Case '-[ClipboardRouterAppTests.ClipThumbnailLoaderTests testLoaderRejectsNonThumbnailAndDeclaredOversizeBeforeReading]' started.
Test Case '-[ClipboardRouterAppTests.ClipThumbnailLoaderTests testLoaderRejectsNonThumbnailAndDeclaredOversizeBeforeReading]' passed (0.000 seconds).
Test Case '-[ClipboardRouterAppTests.ClipThumbnailLoaderTests testLoaderRejectsSizeMismatchAndMalformedImageSafely]' started.
Test Case '-[ClipboardRouterAppTests.ClipThumbnailLoaderTests testLoaderRejectsSizeMismatchAndMalformedImageSafely]' passed (0.000 seconds).
Test Suite 'ClipThumbnailLoaderTests' passed at 2026-08-15 11:30:52.167.
	 Executed 4 tests, with 0 failures (0 unexpected) in 0.041 (0.041) seconds
Test Suite 'ClipboardLibraryTests' started at 2026-08-15 11:30:52.167.
Test Case '-[ClipboardRouterCoreTests.ClipboardLibraryTests testApplyingSyncedLibraryPreservesHistoryAndLocalOnlyItems]' started.
Test Case '-[ClipboardRouterCoreTests.ClipboardLibraryTests testApplyingSyncedLibraryPreservesHistoryAndLocalOnlyItems]' passed (0.002 seconds).
Test Case '-[ClipboardRouterCoreTests.ClipboardLibraryTests testCapturePolicyChangesPersistAndIgnoredCopiesNeverAppearLater]' started.
Test Case '-[ClipboardRouterCoreTests.ClipboardLibraryTests testCapturePolicyChangesPersistAndIgnoredCopiesNeverAppearLater]' passed (0.001 seconds).
Test Case '-[ClipboardRouterCoreTests.ClipboardLibraryTests testCompoundSavePersistenceFailureRollsBackFolderClipAndJournal]' started.
Test Case '-[ClipboardRouterCoreTests.ClipboardLibraryTests testCompoundSavePersistenceFailureRollsBackFolderClipAndJournal]' passed (0.001 seconds).
Test Case '-[ClipboardRouterCoreTests.ClipboardLibraryTests testConcurrentDuplicateFolderSavesProduceOneFolderAndOneSavedClip]' started.
Test Case '-[ClipboardRouterCoreTests.ClipboardLibraryTests testConcurrentDuplicateFolderSavesProduceOneFolderAndOneSavedClip]' passed (0.001 seconds).
Test Case '-[ClipboardRouterCoreTests.ClipboardLibraryTests testDuplicateCollapsingRefreshesAndMovesExistingItemToFront]' started.
Test Case '-[ClipboardRouterCoreTests.ClipboardLibraryTests testDuplicateCollapsingRefreshesAndMovesExistingItemToFront]' passed (0.002 seconds).
Test Case '-[ClipboardRouterCoreTests.ClipboardLibraryTests testFolderCreateAndRenameRejectCaseAndDiacriticDuplicatesWithoutJournalChanges]' started.
Test Case '-[ClipboardRouterCoreTests.ClipboardLibraryTests testFolderCreateAndRenameRejectCaseAndDiacriticDuplicatesWithoutJournalChanges]' passed (0.002 seconds).
Test Case '-[ClipboardRouterCoreTests.ClipboardLibraryTests testFolderDeleteMovesClipsToUnfiledAndReorderIsContiguous]' started.
Test Case '-[ClipboardRouterCoreTests.ClipboardLibraryTests testFolderDeleteMovesClipsToUnfiledAndReorderIsContiguous]' passed (0.002 seconds).
Test Case '-[ClipboardRouterCoreTests.ClipboardLibraryTests testInvalidReferencesAndNamesFailWithoutMutatingState]' started.
Test Case '-[ClipboardRouterCoreTests.ClipboardLibraryTests testInvalidReferencesAndNamesFailWithoutMutatingState]' passed (0.000 seconds).
Test Case '-[ClipboardRouterCoreTests.ClipboardLibraryTests testOptionalDeviceContextPreferencePersists]' started.
Test Case '-[ClipboardRouterCoreTests.ClipboardLibraryTests testOptionalDeviceContextPreferencePersists]' passed (0.000 seconds).
Test Case '-[ClipboardRouterCoreTests.ClipboardLibraryTests testPinHistoryCreatesLocalCopyInsteadOfMutatingForbiddenLinkedClip]' started.
Test Case '-[ClipboardRouterCoreTests.ClipboardLibraryTests testPinHistoryCreatesLocalCopyInsteadOfMutatingForbiddenLinkedClip]' passed (0.001 seconds).
Test Case '-[ClipboardRouterCoreTests.ClipboardLibraryTests testPinHistoryItemAtomicallyCreatesPinnedSavedClipWithProvenance]' started.
Test Case '-[ClipboardRouterCoreTests.ClipboardLibraryTests testPinHistoryItemAtomicallyCreatesPinnedSavedClipWithProvenance]' passed (0.001 seconds).
Test Case '-[ClipboardRouterCoreTests.ClipboardLibraryTests testPinHistoryPersistenceFailureLeavesNoSavedOrJournalState]' started.
Test Case '-[ClipboardRouterCoreTests.ClipboardLibraryTests testPinHistoryPersistenceFailureLeavesNoSavedOrJournalState]' passed (0.000 seconds).
Test Case '-[ClipboardRouterCoreTests.ClipboardLibraryTests testPinHistoryReusesAnExistingLinkedSavedClip]' started.
Test Case '-[ClipboardRouterCoreTests.ClipboardLibraryTests testPinHistoryReusesAnExistingLinkedSavedClip]' passed (0.001 seconds).
Test Case '-[ClipboardRouterCoreTests.ClipboardLibraryTests testRecordPasteUpdatesDeviceLocalUsageThroughHistoryAndSavedClipIDs]' started.
Test Case '-[ClipboardRouterCoreTests.ClipboardLibraryTests testRecordPasteUpdatesDeviceLocalUsageThroughHistoryAndSavedClipIDs]' passed (0.001 seconds).
Test Case '-[ClipboardRouterCoreTests.ClipboardLibraryTests testRemoteProjectionCannotOverwriteAtomicallyPendingLocalEdit]' started.
Test Case '-[ClipboardRouterCoreTests.ClipboardLibraryTests testRemoteProjectionCannotOverwriteAtomicallyPendingLocalEdit]' passed (0.002 seconds).
Test Case '-[ClipboardRouterCoreTests.ClipboardLibraryTests testRemoveAccountScopedSavedLibraryDropsPendingItemsAndMutationHints]' started.
Test Case '-[ClipboardRouterCoreTests.ClipboardLibraryTests testRemoveAccountScopedSavedLibraryDropsPendingItemsAndMutationHints]' passed (0.001 seconds).
Test Case '-[ClipboardRouterCoreTests.ClipboardLibraryTests testRetentionBoundaryKeepsItemAtExactCutoff]' started.
Test Case '-[ClipboardRouterCoreTests.ClipboardLibraryTests testRetentionBoundaryKeepsItemAtExactCutoff]' passed (0.001 seconds).
Test Case '-[ClipboardRouterCoreTests.ClipboardLibraryTests testRetentionPrunesHistoryButNeverIndependentSavedClip]' started.
Test Case '-[ClipboardRouterCoreTests.ClipboardLibraryTests testRetentionPrunesHistoryButNeverIndependentSavedClip]' passed (0.001 seconds).
Test Case '-[ClipboardRouterCoreTests.ClipboardLibraryTests testSavedClipRenameMoveDeleteAndSearchIndexStayConsistent]' started.
Test Case '-[ClipboardRouterCoreTests.ClipboardLibraryTests testSavedClipRenameMoveDeleteAndSearchIndexStayConsistent]' passed (0.002 seconds).
Test Case '-[ClipboardRouterCoreTests.ClipboardLibraryTests testSavedLibraryMutationJournalPersistsAndAcknowledgesOnlyExactVersion]' started.
Test Case '-[ClipboardRouterCoreTests.ClipboardLibraryTests testSavedLibraryMutationJournalPersistsAndAcknowledgesOnlyExactVersion]' passed (0.001 seconds).
Test Case '-[ClipboardRouterCoreTests.ClipboardLibraryTests testSavingHistoryItemInNewFolderPersistsBothAndRejectsDuplicateWithoutOrphan]' started.
Test Case '-[ClipboardRouterCoreTests.ClipboardLibraryTests testSavingHistoryItemInNewFolderPersistsBothAndRejectsDuplicateWithoutOrphan]' passed (0.001 seconds).
Test Case '-[ClipboardRouterCoreTests.ClipboardLibraryTests testSavingHistoryPreservesOriginalProvenanceMetadata]' started.
Test Case '-[ClipboardRouterCoreTests.ClipboardLibraryTests testSavingHistoryPreservesOriginalProvenanceMetadata]' passed (0.001 seconds).
Test Case '-[ClipboardRouterCoreTests.ClipboardLibraryTests testSavingMissingHistoryItemInNewFolderLeavesSnapshotUnchanged]' started.
Test Case '-[ClipboardRouterCoreTests.ClipboardLibraryTests testSavingMissingHistoryItemInNewFolderLeavesSnapshotUnchanged]' passed (0.000 seconds).
Test Case '-[ClipboardRouterCoreTests.ClipboardLibraryTests testVaultCleanupFailsAtomicallyWhenLinkedClipMovesAfterEncryption]' started.
Test Case '-[ClipboardRouterCoreTests.ClipboardLibraryTests testVaultCleanupFailsAtomicallyWhenLinkedClipMovesAfterEncryption]' passed (0.001 seconds).
Test Case '-[ClipboardRouterCoreTests.ClipboardLibraryTests testVaultCleanupFailsWhenNewLinkedSavedCopyAppearsAfterManifest]' started.
Test Case '-[ClipboardRouterCoreTests.ClipboardLibraryTests testVaultCleanupFailsWhenNewLinkedSavedCopyAppearsAfterManifest]' passed (0.001 seconds).
Test Case '-[ClipboardRouterCoreTests.ClipboardLibraryTests testVaultMoveCleanupAtomicallyRemovesHistoryAndAllLinkedSavedCopies]' started.
Test Case '-[ClipboardRouterCoreTests.ClipboardLibraryTests testVaultMoveCleanupAtomicallyRemovesHistoryAndAllLinkedSavedCopies]' passed (0.001 seconds).
Test Suite 'ClipboardLibraryTests' passed at 2026-08-15 11:30:52.196.
	 Executed 26 tests, with 0 failures (0 unexpected) in 0.028 (0.029) seconds
Test Suite 'ClipboardMonitorTests' started at 2026-08-15 11:30:52.196.
Test Case '-[ClipboardRouterPlatformTests.ClipboardMonitorTests testChangedPlainTextIsCapturedWithSourceAndTypes]' started.
Test Case '-[ClipboardRouterPlatformTests.ClipboardMonitorTests testChangedPlainTextIsCapturedWithSourceAndTypes]' passed (0.000 seconds).
Test Case '-[ClipboardRouterPlatformTests.ClipboardMonitorTests testConcealedTransientAndAppOriginatedChangesAreRejected]' started.
Test Case '-[ClipboardRouterPlatformTests.ClipboardMonitorTests testConcealedTransientAndAppOriginatedChangesAreRejected]' passed (0.000 seconds).
Test Case '-[ClipboardRouterPlatformTests.ClipboardMonitorTests testExcludedAppDeactivationConsumesCopyBeforeFastAppSwitch]' started.
Test Case '-[ClipboardRouterPlatformTests.ClipboardMonitorTests testExcludedAppDeactivationConsumesCopyBeforeFastAppSwitch]' passed (0.000 seconds).
Test Case '-[ClipboardRouterPlatformTests.ClipboardMonitorTests testExcludedAppWithoutCopyDoesNotConsumeAllowedCopyMadeBeforeSwitch]' started.
Test Case '-[ClipboardRouterPlatformTests.ClipboardMonitorTests testExcludedAppWithoutCopyDoesNotConsumeAllowedCopyMadeBeforeSwitch]' passed (0.000 seconds).
Test Case '-[ClipboardRouterPlatformTests.ClipboardMonitorTests testPausedAndExcludedChangesAreConsumedAndNeverCapturedLater]' started.
Test Case '-[ClipboardRouterPlatformTests.ClipboardMonitorTests testPausedAndExcludedChangesAreConsumedAndNeverCapturedLater]' passed (0.000 seconds).
Test Case '-[ClipboardRouterPlatformTests.ClipboardMonitorTests testPayloadReadRejectsPasteboardChangeAfterMetadataCheck]' started.
Test Case '-[ClipboardRouterPlatformTests.ClipboardMonitorTests testPayloadReadRejectsPasteboardChangeAfterMetadataCheck]' passed (0.000 seconds).
Test Case '-[ClipboardRouterPlatformTests.ClipboardMonitorTests testStartBaselinesExistingPasteboardAndUses350MillisecondPolling]' started.
Test Case '-[ClipboardRouterPlatformTests.ClipboardMonitorTests testStartBaselinesExistingPasteboardAndUses350MillisecondPolling]' passed (0.000 seconds).
Test Case '-[ClipboardRouterPlatformTests.ClipboardMonitorTests testStopCancelsSchedulerAndRestartCreatesFreshBaseline]' started.
Test Case '-[ClipboardRouterPlatformTests.ClipboardMonitorTests testStopCancelsSchedulerAndRestartCreatesFreshBaseline]' passed (0.000 seconds).
Test Suite 'ClipboardMonitorTests' passed at 2026-08-15 11:30:52.198.
	 Executed 8 tests, with 0 failures (0 unexpected) in 0.001 (0.002) seconds
Test Suite 'ClipboardRouterCLITests' started at 2026-08-15 11:30:52.198.
Test Case '-[ClipboardRouterCLITests.ClipboardRouterCLITests testAnalyzeAndTransformUseInjectedInputOnly]' started.
Test Case '-[ClipboardRouterCLITests.ClipboardRouterCLITests testAnalyzeAndTransformUseInjectedInputOnly]' passed (0.002 seconds).
Test Case '-[ClipboardRouterCLITests.ClipboardRouterCLITests testArgumentParserKeepsCLIWithinExplicitLocalInputs]' started.
Test Case '-[ClipboardRouterCLITests.ClipboardRouterCLITests testArgumentParserKeepsCLIWithinExplicitLocalInputs]' passed (0.000 seconds).
Test Case '-[ClipboardRouterCLITests.ClipboardRouterCLITests testBundleBuildsReviewedLocalValueFromExplicitFiles]' started.
Test Case '-[ClipboardRouterCLITests.ClipboardRouterCLITests testBundleBuildsReviewedLocalValueFromExplicitFiles]' passed (0.004 seconds).
Test Case '-[ClipboardRouterCLITests.ClipboardRouterCLITests testBundleRejectsDuplicateStandardInputSentinels]' started.
Test Case '-[ClipboardRouterCLITests.ClipboardRouterCLITests testBundleRejectsDuplicateStandardInputSentinels]' passed (0.001 seconds).
Test Case '-[ClipboardRouterCLITests.ClipboardRouterCLITests testCLIBlocksSensitiveArgumentsBeforeParserErrorsCanEchoThem]' started.
Test Case '-[ClipboardRouterCLITests.ClipboardRouterCLITests testCLIBlocksSensitiveArgumentsBeforeParserErrorsCanEchoThem]' passed (0.000 seconds).
Test Case '-[ClipboardRouterCLITests.ClipboardRouterCLITests testCLIBlocksSensitiveInputWithSanitizedDedicatedError]' started.
Test Case '-[ClipboardRouterCLITests.ClipboardRouterCLITests testCLIBlocksSensitiveInputWithSanitizedDedicatedError]' passed (0.001 seconds).
Test Case '-[ClipboardRouterCLITests.ClipboardRouterCLITests testCLIRejectsMissingProjectUnknownOptionsAndOversizedInput]' started.
Test Case '-[ClipboardRouterCLITests.ClipboardRouterCLITests testCLIRejectsMissingProjectUnknownOptionsAndOversizedInput]' passed (0.003 seconds).
Test Case '-[ClipboardRouterCLITests.ClipboardRouterCLITests testExplicitStandardInputSentinelIsForwardedForAnalyze]' started.
Test Case '-[ClipboardRouterCLITests.ClipboardRouterCLITests testExplicitStandardInputSentinelIsForwardedForAnalyze]' passed (0.001 seconds).
Test Case '-[ClipboardRouterCLITests.ClipboardRouterCLITests testHelpReturnsUsageWithoutReadingInput]' started.
Test Case '-[ClipboardRouterCLITests.ClipboardRouterCLITests testHelpReturnsUsageWithoutReadingInput]' passed (0.000 seconds).
Test Suite 'ClipboardRouterCLITests' passed at 2026-08-15 11:30:52.210.
	 Executed 9 tests, with 0 failures (0 unexpected) in 0.011 (0.012) seconds
Test Suite 'CloudPushAppTests' started at 2026-08-15 11:30:52.210.
Test Case '-[ClipboardRouterAppTests.CloudPushAppTests testAcceptedPushHintRefreshNeverWritesPasteboard]' started.
Test Case '-[ClipboardRouterAppTests.CloudPushAppTests testAcceptedPushHintRefreshNeverWritesPasteboard]' passed (0.016 seconds).
Test Suite 'CloudPushAppTests' passed at 2026-08-15 11:30:52.225.
	 Executed 1 test, with 0 failures (0 unexpected) in 0.016 (0.016) seconds
Test Suite 'CloudPushSubscriptionTests' started at 2026-08-15 11:30:52.225.
Test Case '-[ClipboardRouterSyncTests.CloudPushSubscriptionTests testAccountChangeKeepsSeparatePersistedInstallations]' started.
Test Case '-[ClipboardRouterSyncTests.CloudPushSubscriptionTests testAccountChangeKeepsSeparatePersistedInstallations]' passed (0.000 seconds).
Test Case '-[ClipboardRouterSyncTests.CloudPushSubscriptionTests testCorruptLocalRegistryIsRebuiltFromServerState]' started.
Test Case '-[ClipboardRouterSyncTests.CloudPushSubscriptionTests testCorruptLocalRegistryIsRebuiltFromServerState]' passed (0.000 seconds).
Test Case '-[ClipboardRouterSyncTests.CloudPushSubscriptionTests testIncompatibleServerSubscriptionsAreDeletedBeforeReplacement]' started.
Test Case '-[ClipboardRouterSyncTests.CloudPushSubscriptionTests testIncompatibleServerSubscriptionsAreDeletedBeforeReplacement]' passed (0.000 seconds).
Test Case '-[ClipboardRouterSyncTests.CloudPushSubscriptionTests testInstallationStateIsSeparatedByContainerEnvironmentAndAccount]' started.
Test Case '-[ClipboardRouterSyncTests.CloudPushSubscriptionTests testInstallationStateIsSeparatedByContainerEnvironmentAndAccount]' passed (0.000 seconds).
Test Case '-[ClipboardRouterSyncTests.CloudPushSubscriptionTests testInstallCreatesSilentPrivateAndSharedSubscriptions]' started.
Test Case '-[ClipboardRouterSyncTests.CloudPushSubscriptionTests testInstallCreatesSilentPrivateAndSharedSubscriptions]' passed (0.000 seconds).
Test Case '-[ClipboardRouterSyncTests.CloudPushSubscriptionTests testJSONStoreRoundTripsPerEnvironmentRegistry]' started.
Test Case '-[ClipboardRouterSyncTests.CloudPushSubscriptionTests testJSONStoreRoundTripsPerEnvironmentRegistry]' passed (0.002 seconds).
Test Case '-[ClipboardRouterSyncTests.CloudPushSubscriptionTests testMissingServerSubscriptionRepairsPersistedInstallation]' started.
Test Case '-[ClipboardRouterSyncTests.CloudPushSubscriptionTests testMissingServerSubscriptionRepairsPersistedInstallation]' passed (0.000 seconds).
Test Case '-[ClipboardRouterSyncTests.CloudPushSubscriptionTests testNotificationRouterAcceptsOnlyMatchingContainerScopeAndIdentifier]' started.
Test Case '-[ClipboardRouterSyncTests.CloudPushSubscriptionTests testNotificationRouterAcceptsOnlyMatchingContainerScopeAndIdentifier]' passed (0.000 seconds).
Test Case '-[ClipboardRouterSyncTests.CloudPushSubscriptionTests testOfflineInstallReportsPollingRecoveryState]' started.
Test Case '-[ClipboardRouterSyncTests.CloudPushSubscriptionTests testOfflineInstallReportsPollingRecoveryState]' passed (0.000 seconds).
Test Case '-[ClipboardRouterSyncTests.CloudPushSubscriptionTests testRefreshCoalescerMergesNotificationsArrivingDuringFetch]' started.
Test Case '-[ClipboardRouterSyncTests.CloudPushSubscriptionTests testRefreshCoalescerMergesNotificationsArrivingDuringFetch]' passed (0.000 seconds).
Test Case '-[ClipboardRouterSyncTests.CloudPushSubscriptionTests testSecondInstallVerifiesServerWithoutSavingDuplicates]' started.
Test Case '-[ClipboardRouterSyncTests.CloudPushSubscriptionTests testSecondInstallVerifiesServerWithoutSavingDuplicates]' passed (0.000 seconds).
Test Suite 'CloudPushSubscriptionTests' passed at 2026-08-15 11:30:52.230.
	 Executed 11 tests, with 0 failures (0 unexpected) in 0.004 (0.005) seconds
Test Suite 'ConcurrencyAndFailureTests' started at 2026-08-15 11:30:52.230.
Test Case '-[ClipboardRouterCoreTests.ConcurrencyAndFailureTests testConcurrentDistinctCapturesLoseNoItems]' started.
Test Case '-[ClipboardRouterCoreTests.ConcurrencyAndFailureTests testConcurrentDistinctCapturesLoseNoItems]' passed (1.963 seconds).
Test Case '-[ClipboardRouterCoreTests.ConcurrencyAndFailureTests testConcurrentIdenticalCapturesAreSerializedAndDeduplicated]' started.
Test Case '-[ClipboardRouterCoreTests.ConcurrencyAndFailureTests testConcurrentIdenticalCapturesAreSerializedAndDeduplicated]' passed (0.025 seconds).
Test Case '-[ClipboardRouterCoreTests.ConcurrencyAndFailureTests testMalformedSnapshotsFailClosed]' started.
Test Case '-[ClipboardRouterCoreTests.ConcurrencyAndFailureTests testMalformedSnapshotsFailClosed]' passed (0.000 seconds).
Test Case '-[ClipboardRouterCoreTests.ConcurrencyAndFailureTests testPersistenceFailureLeavesInMemoryStateUnchanged]' started.
Test Case '-[ClipboardRouterCoreTests.ConcurrencyAndFailureTests testPersistenceFailureLeavesInMemoryStateUnchanged]' passed (0.001 seconds).
Test Suite 'ConcurrencyAndFailureTests' passed at 2026-08-15 11:30:54.219.
	 Executed 4 tests, with 0 failures (0 unexpected) in 1.989 (1.989) seconds
Test Suite 'ContentAndPolicyTests' started at 2026-08-15 11:30:54.219.
Test Case '-[ClipboardRouterCoreTests.ContentAndPolicyTests testCapturePolicyRejectsPauseExcludedApplicationAndPrivacyMarkers]' started.
Test Case '-[ClipboardRouterCoreTests.ContentAndPolicyTests testCapturePolicyRejectsPauseExcludedApplicationAndPrivacyMarkers]' passed (0.000 seconds).
Test Case '-[ClipboardRouterCoreTests.ContentAndPolicyTests testDecodedModelsEnforceContentAndRetentionInvariants]' started.
Test Case '-[ClipboardRouterCoreTests.ContentAndPolicyTests testDecodedModelsEnforceContentAndRetentionInvariants]' passed (0.001 seconds).
Test Case '-[ClipboardRouterCoreTests.ContentAndPolicyTests testEmptyContentAndInvalidRetentionAreRejected]' started.
Test Case '-[ClipboardRouterCoreTests.ContentAndPolicyTests testEmptyContentAndInvalidRetentionAreRejected]' passed (0.000 seconds).
Test Case '-[ClipboardRouterCoreTests.ContentAndPolicyTests testLegacyPendingMutationWithoutTokenReceivesAcknowledgementIdentity]' started.
Test Case '-[ClipboardRouterCoreTests.ContentAndPolicyTests testLegacyPendingMutationWithoutTokenReceivesAcknowledgementIdentity]' passed (0.000 seconds).
Test Case '-[ClipboardRouterCoreTests.ContentAndPolicyTests testLegacySnapshotWithoutPendingSyncJournalDecodesAsEmptyJournal]' started.
Test Case '-[ClipboardRouterCoreTests.ContentAndPolicyTests testLegacySnapshotWithoutPendingSyncJournalDecodesAsEmptyJournal]' passed (0.000 seconds).
Test Case '-[ClipboardRouterCoreTests.ContentAndPolicyTests testNonWebURLAndOrdinaryUnicodeArePlainText]' started.
Test Case '-[ClipboardRouterCoreTests.ContentAndPolicyTests testNonWebURLAndOrdinaryUnicodeArePlainText]' passed (0.000 seconds).
Test Case '-[ClipboardRouterCoreTests.ContentAndPolicyTests testPrivacyMarkersAreRestoredWhenDecodingPersistedPolicy]' started.
Test Case '-[ClipboardRouterCoreTests.ContentAndPolicyTests testPrivacyMarkersAreRestoredWhenDecodingPersistedPolicy]' passed (0.000 seconds).
Test Case '-[ClipboardRouterCoreTests.ContentAndPolicyTests testPrivacyMarkersCannotBeRemovedByInitializer]' started.
Test Case '-[ClipboardRouterCoreTests.ContentAndPolicyTests testPrivacyMarkersCannotBeRemovedByInitializer]' passed (0.000 seconds).
Test Case '-[ClipboardRouterCoreTests.ContentAndPolicyTests testURLDetectionPreservesOriginalUnicodeText]' started.
Test Case '-[ClipboardRouterCoreTests.ContentAndPolicyTests testURLDetectionPreservesOriginalUnicodeText]' passed (0.000 seconds).
Test Suite 'ContentAndPolicyTests' passed at 2026-08-15 11:30:54.222.
	 Executed 9 tests, with 0 failures (0 unexpected) in 0.002 (0.003) seconds
Test Suite 'CopyAndOpenActionTests' started at 2026-08-15 11:30:54.222.
Test Case '-[ClipboardRouterPlatformTests.CopyAndOpenActionTests testEmptyClipFailsBeforeApplicationInspectionOrClipboardMutation]' started.
Test Case '-[ClipboardRouterPlatformTests.CopyAndOpenActionTests testEmptyClipFailsBeforeApplicationInspectionOrClipboardMutation]' passed (0.001 seconds).
Test Case '-[ClipboardRouterPlatformTests.CopyAndOpenActionTests testExpectedBundleIdentifierMismatchRejectsTargetBeforeClipboardMutation]' started.
Test Case '-[ClipboardRouterPlatformTests.CopyAndOpenActionTests testExpectedBundleIdentifierMismatchRejectsTargetBeforeClipboardMutation]' passed (0.000 seconds).
Test Case '-[ClipboardRouterPlatformTests.CopyAndOpenActionTests testExpectedTeamIdentifierMismatchRejectsTargetBeforeClipboardMutation]' started.
Test Case '-[ClipboardRouterPlatformTests.CopyAndOpenActionTests testExpectedTeamIdentifierMismatchRejectsTargetBeforeClipboardMutation]' passed (0.000 seconds).
Test Case '-[ClipboardRouterPlatformTests.CopyAndOpenActionTests testInvalidSignatureRejectsTargetBeforeClipboardMutation]' started.
Test Case '-[ClipboardRouterPlatformTests.CopyAndOpenActionTests testInvalidSignatureRejectsTargetBeforeClipboardMutation]' passed (0.000 seconds).
Test Case '-[ClipboardRouterPlatformTests.CopyAndOpenActionTests testMissingBundleIdentifierRejectsTargetBeforeClipboardMutation]' started.
Test Case '-[ClipboardRouterPlatformTests.CopyAndOpenActionTests testMissingBundleIdentifierRejectsTargetBeforeClipboardMutation]' passed (0.000 seconds).
Test Case '-[ClipboardRouterPlatformTests.CopyAndOpenActionTests testNonApplicationURLIsRejectedBeforeInspectionOrClipboardMutation]' started.
Test Case '-[ClipboardRouterPlatformTests.CopyAndOpenActionTests testNonApplicationURLIsRejectedBeforeInspectionOrClipboardMutation]' passed (0.000 seconds).
Test Case '-[ClipboardRouterPlatformTests.CopyAndOpenActionTests testOpenFailureReportsThatClipboardWasAlreadyMutated]' started.
Test Case '-[ClipboardRouterPlatformTests.CopyAndOpenActionTests testOpenFailureReportsThatClipboardWasAlreadyMutated]' passed (0.000 seconds).
Test Case '-[ClipboardRouterPlatformTests.CopyAndOpenActionTests testValidPlatformSignatureWithoutTeamIdentifierCanOpenWhenSelectionAlsoHasNoTeam]' started.
Test Case '-[ClipboardRouterPlatformTests.CopyAndOpenActionTests testValidPlatformSignatureWithoutTeamIdentifierCanOpenWhenSelectionAlsoHasNoTeam]' passed (0.000 seconds).
Test Case '-[ClipboardRouterPlatformTests.CopyAndOpenActionTests testValidSignatureIsVerifiedBeforeClipboardMutationAndApplicationOpen]' started.
Test Case '-[ClipboardRouterPlatformTests.CopyAndOpenActionTests testValidSignatureIsVerifiedBeforeClipboardMutationAndApplicationOpen]' passed (0.000 seconds).
Test Suite 'CopyAndOpenActionTests' passed at 2026-08-15 11:30:54.224.
	 Executed 9 tests, with 0 failures (0 unexpected) in 0.002 (0.003) seconds
Test Suite 'DeferredContextMenuContentTests' started at 2026-08-15 11:30:54.224.
Test Case '-[ClipboardRouterAppTests.DeferredContextMenuContentTests testCreatingOneThousandMenuWrappersDoesNotResolveTheirContent]' started.
Test Case '-[ClipboardRouterAppTests.DeferredContextMenuContentTests testCreatingOneThousandMenuWrappersDoesNotResolveTheirContent]' passed (0.001 seconds).
Test Suite 'DeferredContextMenuContentTests' passed at 2026-08-15 11:30:54.226.
	 Executed 1 test, with 0 failures (0 unexpected) in 0.001 (0.001) seconds
Test Suite 'DestinationRoutingTests' started at 2026-08-15 11:30:54.226.
Test Case '-[ClipboardRouterPlatformTests.DestinationRoutingTests testActualCodexProductMetadataCanUseCollidingBundleIdentifier]' started.
Test Case '-[ClipboardRouterPlatformTests.DestinationRoutingTests testActualCodexProductMetadataCanUseCollidingBundleIdentifier]' passed (0.001 seconds).
Test Case '-[ClipboardRouterPlatformTests.DestinationRoutingTests testAmbiguousApplicationsAreResolvedBeforeClipboardWrite]' started.
Test Case '-[ClipboardRouterPlatformTests.DestinationRoutingTests testAmbiguousApplicationsAreResolvedBeforeClipboardWrite]' passed (0.000 seconds).
Test Case '-[ClipboardRouterPlatformTests.DestinationRoutingTests testCancellingPreparedTargetReleasesBookmarkAndPreventsOpen]' started.
Test Case '-[ClipboardRouterPlatformTests.DestinationRoutingTests testCancellingPreparedTargetReleasesBookmarkAndPreventsOpen]' passed (0.000 seconds).
Test Case '-[ClipboardRouterPlatformTests.DestinationRoutingTests testCatalogChooseApplicationValidatesAndPersistsBookmarkOutsideLaunchServices]' started.
Test Case '-[ClipboardRouterPlatformTests.DestinationRoutingTests testCatalogChooseApplicationValidatesAndPersistsBookmarkOutsideLaunchServices]' passed (0.000 seconds).
Test Case '-[ClipboardRouterPlatformTests.DestinationRoutingTests testCatalogRejectsManualChoiceWithWrongProductMetadata]' started.
Test Case '-[ClipboardRouterPlatformTests.DestinationRoutingTests testCatalogRejectsManualChoiceWithWrongProductMetadata]' passed (0.000 seconds).
Test Case '-[ClipboardRouterPlatformTests.DestinationRoutingTests testChatGPTBuildWithCodexBundleIsNotMisidentifiedAsCodex]' started.
Test Case '-[ClipboardRouterPlatformTests.DestinationRoutingTests testChatGPTBuildWithCodexBundleIsNotMisidentifiedAsCodex]' passed (0.000 seconds).
Test Case '-[ClipboardRouterPlatformTests.DestinationRoutingTests testClipboardFailureDoesNotOpenResolvedDestination]' started.
Test Case '-[ClipboardRouterPlatformTests.DestinationRoutingTests testClipboardFailureDoesNotOpenResolvedDestination]' passed (0.000 seconds).
Test Case '-[ClipboardRouterPlatformTests.DestinationRoutingTests testInstalledApplicationIsSelectedByVerifiedProductIdentity]' started.
Test Case '-[ClipboardRouterPlatformTests.DestinationRoutingTests testInstalledApplicationIsSelectedByVerifiedProductIdentity]' passed (0.000 seconds).
Test Case '-[ClipboardRouterPlatformTests.DestinationRoutingTests testInstalledApplicationLaunchFailureNeverFallsBackToWeb]' started.
Test Case '-[ClipboardRouterPlatformTests.DestinationRoutingTests testInstalledApplicationLaunchFailureNeverFallsBackToWeb]' passed (0.000 seconds).
Test Case '-[ClipboardRouterPlatformTests.DestinationRoutingTests testMatchingBundleAndNameWithWrongTeamIsRejected]' started.
Test Case '-[ClipboardRouterPlatformTests.DestinationRoutingTests testMatchingBundleAndNameWithWrongTeamIsRejected]' passed (0.000 seconds).
Test Case '-[ClipboardRouterPlatformTests.DestinationRoutingTests testMissingApplicationFallsBackToOrdinaryWebPageWithoutPrefill]' started.
Test Case '-[ClipboardRouterPlatformTests.DestinationRoutingTests testMissingApplicationFallsBackToOrdinaryWebPageWithoutPrefill]' passed (0.000 seconds).
Test Case '-[ClipboardRouterPlatformTests.DestinationRoutingTests testObservedCodexBundleCollisionRoutesChatGPTByProductMetadata]' started.
Test Case '-[ClipboardRouterPlatformTests.DestinationRoutingTests testObservedCodexBundleCollisionRoutesChatGPTByProductMetadata]' passed (0.000 seconds).
Test Case '-[ClipboardRouterPlatformTests.DestinationRoutingTests testPreparedClipboardPathOpensWithoutWritingAgain]' started.
Test Case '-[ClipboardRouterPlatformTests.DestinationRoutingTests testPreparedClipboardPathOpensWithoutWritingAgain]' passed (0.000 seconds).
Test Case '-[ClipboardRouterPlatformTests.DestinationRoutingTests testPreparedDesktopLaunchFailureDoesNotFallBackToWebAndReleasesBookmark]' started.
Test Case '-[ClipboardRouterPlatformTests.DestinationRoutingTests testPreparedDesktopLaunchFailureDoesNotFallBackToWebAndReleasesBookmark]' passed (0.000 seconds).
Test Case '-[ClipboardRouterPlatformTests.DestinationRoutingTests testPreparedTargetCannotBeOpenedByDifferentRouter]' started.
Test Case '-[ClipboardRouterPlatformTests.DestinationRoutingTests testPreparedTargetCannotBeOpenedByDifferentRouter]' passed (0.000 seconds).
Test Case '-[ClipboardRouterPlatformTests.DestinationRoutingTests testPreparedTargetRetainsExactBookmarkUntilOpenedWithoutReresolving]' started.
Test Case '-[ClipboardRouterPlatformTests.DestinationRoutingTests testPreparedTargetRetainsExactBookmarkUntilOpenedWithoutReresolving]' passed (0.000 seconds).
Test Case '-[ClipboardRouterPlatformTests.DestinationRoutingTests testSystemWriterCommitsTextAndOriginMarkerAsOneItem]' started.
Test Case '-[ClipboardRouterPlatformTests.DestinationRoutingTests testSystemWriterCommitsTextAndOriginMarkerAsOneItem]' passed (0.026 seconds).
Test Case '-[ClipboardRouterPlatformTests.DestinationRoutingTests testUserDefaultsPreferencesStoreBookmarkDataRatherThanPath]' started.
Test Case '-[ClipboardRouterPlatformTests.DestinationRoutingTests testUserDefaultsPreferencesStoreBookmarkDataRatherThanPath]' passed (0.005 seconds).
Test Case '-[ClipboardRouterPlatformTests.DestinationRoutingTests testWebFailureReportsCopiedButUnableToOpen]' started.
Test Case '-[ClipboardRouterPlatformTests.DestinationRoutingTests testWebFailureReportsCopiedButUnableToOpen]' passed (0.000 seconds).
Test Suite 'DestinationRoutingTests' passed at 2026-08-15 11:30:54.261.
	 Executed 19 tests, with 0 failures (0 unexpected) in 0.035 (0.036) seconds
Test Suite 'DeveloperEditionCoreTests' started at 2026-08-15 11:30:54.261.
Test Case '-[ClipboardRouterCoreTests.DeveloperEditionCoreTests testDebugBundleBuildsFromContextPackWithProblemStatementAndStableRendering]' started.
Test Case '-[ClipboardRouterCoreTests.DeveloperEditionCoreTests testDebugBundleBuildsFromContextPackWithProblemStatementAndStableRendering]' passed (0.001 seconds).
Test Case '-[ClipboardRouterCoreTests.DeveloperEditionCoreTests testDebugBundleLegacyDecodeDefaultsProblemStatementToNil]' started.
Test Case '-[ClipboardRouterCoreTests.DeveloperEditionCoreTests testDebugBundleLegacyDecodeDefaultsProblemStatementToNil]' passed (0.000 seconds).
Test Case '-[ClipboardRouterCoreTests.DeveloperEditionCoreTests testDebugBundleMarkdownCannotBeRestructuredByReviewedMetadata]' started.
Test Case '-[ClipboardRouterCoreTests.DeveloperEditionCoreTests testDebugBundleMarkdownCannotBeRestructuredByReviewedMetadata]' passed (0.000 seconds).
Test Case '-[ClipboardRouterCoreTests.DeveloperEditionCoreTests testDebugBundleRejectsUnsafeOrOversizedProblemStatement]' started.
Test Case '-[ClipboardRouterCoreTests.DeveloperEditionCoreTests testDebugBundleRejectsUnsafeOrOversizedProblemStatement]' passed (0.000 seconds).
Test Case '-[ClipboardRouterCoreTests.DeveloperEditionCoreTests testDeveloperTransformsAreLocalDeterministicAndBounded]' started.
Test Case '-[ClipboardRouterCoreTests.DeveloperEditionCoreTests testDeveloperTransformsAreLocalDeterministicAndBounded]' passed (0.050 seconds).
Test Case '-[ClipboardRouterCoreTests.DeveloperEditionCoreTests testRecognizerBoundsInputWithoutSplittingUnicode]' started.
Test Case '-[ClipboardRouterCoreTests.DeveloperEditionCoreTests testRecognizerBoundsInputWithoutSplittingUnicode]' passed (0.056 seconds).
Test Case '-[ClipboardRouterCoreTests.DeveloperEditionCoreTests testRecognizerClassifiesCodeLogsErrorsAndStackTracesDeterministically]' started.
Test Case '-[ClipboardRouterCoreTests.DeveloperEditionCoreTests testRecognizerClassifiesCodeLogsErrorsAndStackTracesDeterministically]' passed (0.001 seconds).
Test Case '-[ClipboardRouterCoreTests.DeveloperEditionCoreTests testRecognizerClassifiesOnlyExplicitCommandSignalsAsCommands]' started.
Test Case '-[ClipboardRouterCoreTests.DeveloperEditionCoreTests testRecognizerClassifiesOnlyExplicitCommandSignalsAsCommands]' passed (0.000 seconds).
Test Suite 'DeveloperEditionCoreTests' passed at 2026-08-15 11:30:54.371.
	 Executed 8 tests, with 0 failures (0 unexpected) in 0.109 (0.110) seconds
Test Suite 'DeveloperProjectPlatformTests' started at 2026-08-15 11:30:54.371.
Test Case '-[ClipboardRouterPlatformTests.DeveloperProjectPlatformTests testExplicitGrantBalancesReadOnlySecurityScope]' started.
Test Case '-[ClipboardRouterPlatformTests.DeveloperProjectPlatformTests testExplicitGrantBalancesReadOnlySecurityScope]' passed (0.001 seconds).
Test Case '-[ClipboardRouterPlatformTests.DeveloperProjectPlatformTests testIDEHandoffRejectsTeamIdentityChangeBeforeWorkspaceOpen]' started.
Test Case '-[ClipboardRouterPlatformTests.DeveloperProjectPlatformTests testIDEHandoffRejectsTeamIdentityChangeBeforeWorkspaceOpen]' passed (0.001 seconds).
Test Case '-[ClipboardRouterPlatformTests.DeveloperProjectPlatformTests testIDEHandoffUsesExplicitSelectedApplicationWithoutScriptOrURLScheme]' started.
Test Case '-[ClipboardRouterPlatformTests.DeveloperProjectPlatformTests testIDEHandoffUsesExplicitSelectedApplicationWithoutScriptOrURLScheme]' passed (0.001 seconds).
Test Case '-[ClipboardRouterPlatformTests.DeveloperProjectPlatformTests testRepositoryInspectorReadsOnlyLocalHEAD]' started.
Test Case '-[ClipboardRouterPlatformTests.DeveloperProjectPlatformTests testRepositoryInspectorReadsOnlyLocalHEAD]' passed (0.001 seconds).
Test Case '-[ClipboardRouterPlatformTests.DeveloperProjectPlatformTests testRepositoryInspectorRejectsGitdirFileAndSymlinkedHEAD]' started.
Test Case '-[ClipboardRouterPlatformTests.DeveloperProjectPlatformTests testRepositoryInspectorRejectsGitdirFileAndSymlinkedHEAD]' passed (0.004 seconds).
Test Case '-[ClipboardRouterPlatformTests.DeveloperProjectPlatformTests testStaleGrantDoesNotStartSecurityScope]' started.
Test Case '-[ClipboardRouterPlatformTests.DeveloperProjectPlatformTests testStaleGrantDoesNotStartSecurityScope]' passed (0.001 seconds).
Test Suite 'DeveloperProjectPlatformTests' passed at 2026-08-15 11:30:54.381.
	 Executed 6 tests, with 0 failures (0 unexpected) in 0.010 (0.010) seconds
Test Suite 'DeveloperWorkspaceTests' started at 2026-08-15 11:30:54.382.
Test Case '-[ClipboardRouterCoreTests.DeveloperWorkspaceTests testConcurrentMutationsAreSerializedAcrossAwaitingPersistence]' started.
Test Case '-[ClipboardRouterCoreTests.DeveloperWorkspaceTests testConcurrentMutationsAreSerializedAcrossAwaitingPersistence]' passed (0.001 seconds).
Test Case '-[ClipboardRouterCoreTests.DeveloperWorkspaceTests testConcurrentSourceApplicationUpdatesDoNotLoseSelections]' started.
Test Case '-[ClipboardRouterCoreTests.DeveloperWorkspaceTests testConcurrentSourceApplicationUpdatesDoNotLoseSelections]' passed (0.000 seconds).
Test Case '-[ClipboardRouterCoreTests.DeveloperWorkspaceTests testDebugBundlePersistenceRejectsOversizedSnapshot]' started.
Test Case '-[ClipboardRouterCoreTests.DeveloperWorkspaceTests testDebugBundlePersistenceRejectsOversizedSnapshot]' passed (0.098 seconds).
Test Case '-[ClipboardRouterCoreTests.DeveloperWorkspaceTests testDebugBundleSnapshotPersistsAndAppearsInTimeline]' started.
Test Case '-[ClipboardRouterCoreTests.DeveloperWorkspaceTests testDebugBundleSnapshotPersistsAndAppearsInTimeline]' passed (0.001 seconds).
Test Case '-[ClipboardRouterCoreTests.DeveloperWorkspaceTests testFailedPersistenceDoesNotExposeUncommittedProject]' started.
Test Case '-[ClipboardRouterCoreTests.DeveloperWorkspaceTests testFailedPersistenceDoesNotExposeUncommittedProject]' passed (0.000 seconds).
Test Case '-[ClipboardRouterCoreTests.DeveloperWorkspaceTests testJSONStoreRoundTripsAndRejectsTamperedPayload]' started.
Test Case '-[ClipboardRouterCoreTests.DeveloperWorkspaceTests testJSONStoreRoundTripsAndRejectsTamperedPayload]' passed (0.004 seconds).
Test Case '-[ClipboardRouterCoreTests.DeveloperWorkspaceTests testProjectValidationNormalizesLocalAutomationSettings]' started.
Test Case '-[ClipboardRouterCoreTests.DeveloperWorkspaceTests testProjectValidationNormalizesLocalAutomationSettings]' passed (0.000 seconds).
Test Case '-[ClipboardRouterCoreTests.DeveloperWorkspaceTests testRemovingFinalSourceApplicationDisablesAutoCapture]' started.
Test Case '-[ClipboardRouterCoreTests.DeveloperWorkspaceTests testRemovingFinalSourceApplicationDisablesAutoCapture]' passed (0.000 seconds).
Test Case '-[ClipboardRouterCoreTests.DeveloperWorkspaceTests testRepositoryReferenceStoresBookmarkAndFingerprintWithoutPlaintextPath]' started.
Test Case '-[ClipboardRouterCoreTests.DeveloperWorkspaceTests testRepositoryReferenceStoresBookmarkAndFingerprintWithoutPlaintextPath]' passed (0.000 seconds).
Test Case '-[ClipboardRouterCoreTests.DeveloperWorkspaceTests testSavingIdenticalDebugBundleTwiceIsIdempotent]' started.
Test Case '-[ClipboardRouterCoreTests.DeveloperWorkspaceTests testSavingIdenticalDebugBundleTwiceIsIdempotent]' passed (0.000 seconds).
Test Case '-[ClipboardRouterCoreTests.DeveloperWorkspaceTests testWorkspaceLifecycleMembershipIsIdempotentAndTimelineIsContentFree]' started.
Test Case '-[ClipboardRouterCoreTests.DeveloperWorkspaceTests testWorkspaceLifecycleMembershipIsIdempotentAndTimelineIsContentFree]' passed (0.000 seconds).
Test Suite 'DeveloperWorkspaceTests' passed at 2026-08-15 11:30:54.488.
	 Executed 11 tests, with 0 failures (0 unexpected) in 0.106 (0.107) seconds
Test Suite 'DirectDistributionLicensePlatformTests' started at 2026-08-15 11:30:54.488.
Test Case '-[ClipboardRouterPlatformTests.DirectDistributionLicensePlatformTests testRepositoryUsesProviderNeutralIdempotentRoutesWithoutCredentialHeaders]' started.
Test Case '-[ClipboardRouterPlatformTests.DirectDistributionLicensePlatformTests testRepositoryUsesProviderNeutralIdempotentRoutesWithoutCredentialHeaders]' passed (0.004 seconds).
Test Case '-[ClipboardRouterPlatformTests.DirectDistributionLicensePlatformTests testVerifierAcceptsAuthenticP256TokenAndDecodesClaims]' started.
Test Case '-[ClipboardRouterPlatformTests.DirectDistributionLicensePlatformTests testVerifierAcceptsAuthenticP256TokenAndDecodesClaims]' passed (0.001 seconds).
Test Case '-[ClipboardRouterPlatformTests.DirectDistributionLicensePlatformTests testVerifierFailsClosedWhenNoBundledPublicKeyIsConfigured]' started.
Test Case '-[ClipboardRouterPlatformTests.DirectDistributionLicensePlatformTests testVerifierFailsClosedWhenNoBundledPublicKeyIsConfigured]' passed (0.000 seconds).
Test Case '-[ClipboardRouterPlatformTests.DirectDistributionLicensePlatformTests testVerifierRejectsPayloadAndSignatureTampering]' started.
Test Case '-[ClipboardRouterPlatformTests.DirectDistributionLicensePlatformTests testVerifierRejectsPayloadAndSignatureTampering]' passed (0.001 seconds).
Test Case '-[ClipboardRouterPlatformTests.DirectDistributionLicensePlatformTests testVerifierRejectsSignedInvalidClaims]' started.
Test Case '-[ClipboardRouterPlatformTests.DirectDistributionLicensePlatformTests testVerifierRejectsSignedInvalidClaims]' passed (0.001 seconds).
Test Suite 'DirectDistributionLicensePlatformTests' passed at 2026-08-15 11:30:54.496.
	 Executed 5 tests, with 0 failures (0 unexpected) in 0.007 (0.008) seconds
Test Suite 'DirectDistributionLicenseTests' started at 2026-08-15 11:30:54.496.
Test Case '-[ClipboardRouterCoreTests.DirectDistributionLicenseTests testClaimsEnforcePlanExpiryAndBoundOfflineGrace]' started.
Test Case '-[ClipboardRouterCoreTests.DirectDistributionLicenseTests testClaimsEnforcePlanExpiryAndBoundOfflineGrace]' passed (0.000 seconds).
Test Case '-[ClipboardRouterCoreTests.DirectDistributionLicenseTests testClockRollbackResistanceUsesMonotonicFloorAndSurvivesReboot]' started.
Test Case '-[ClipboardRouterCoreTests.DirectDistributionLicenseTests testClockRollbackResistanceUsesMonotonicFloorAndSurvivesReboot]' passed (0.000 seconds).
Test Case '-[ClipboardRouterCoreTests.DirectDistributionLicenseTests testDeviceMismatchAndInvalidEvidenceFailClosed]' started.
Test Case '-[ClipboardRouterCoreTests.DirectDistributionLicenseTests testDeviceMismatchAndInvalidEvidenceFailClosed]' passed (0.000 seconds).
Test Case '-[ClipboardRouterCoreTests.DirectDistributionLicenseTests testLifetimeIsActiveWithoutExpiry]' started.
Test Case '-[ClipboardRouterCoreTests.DirectDistributionLicenseTests testLifetimeIsActiveWithoutExpiry]' passed (0.000 seconds).
Test Case '-[ClipboardRouterCoreTests.DirectDistributionLicenseTests testMissingEvidenceDistinguishesNoLicenseFromServiceOutage]' started.
Test Case '-[ClipboardRouterCoreTests.DirectDistributionLicenseTests testMissingEvidenceDistinguishesNoLicenseFromServiceOutage]' passed (0.000 seconds).
Test Case '-[ClipboardRouterCoreTests.DirectDistributionLicenseTests testNoDataLockoutPolicyAcrossFailureStates]' started.
Test Case '-[ClipboardRouterCoreTests.DirectDistributionLicenseTests testNoDataLockoutPolicyAcrossFailureStates]' passed (0.000 seconds).
Test Case '-[ClipboardRouterCoreTests.DirectDistributionLicenseTests testStateMachineCoversActiveGraceExpiredAndRevoked]' started.
Test Case '-[ClipboardRouterCoreTests.DirectDistributionLicenseTests testStateMachineCoversActiveGraceExpiredAndRevoked]' passed (0.000 seconds).
Test Suite 'DirectDistributionLicenseTests' passed at 2026-08-15 11:30:54.497.
	 Executed 7 tests, with 0 failures (0 unexpected) in 0.001 (0.001) seconds
Test Suite 'DirectLicenseAppTests' started at 2026-08-15 11:30:54.497.
Test Case '-[ClipboardRouterAppTests.DirectLicenseAppTests testConfiguredBuildWithoutLicenseGatesNewPremiumCreationOnly]' started.
Test Case '-[ClipboardRouterAppTests.DirectLicenseAppTests testConfiguredBuildWithoutLicenseGatesNewPremiumCreationOnly]' passed (0.013 seconds).
Test Case '-[ClipboardRouterAppTests.DirectLicenseAppTests testDeactivateFailurePreservesTokenButDisconnectExplicitlyDeletesLocalState]' started.
Test Case '-[ClipboardRouterAppTests.DirectLicenseAppTests testDeactivateFailurePreservesTokenButDisconnectExplicitlyDeletesLocalState]' passed (0.037 seconds).
Test Case '-[ClipboardRouterAppTests.DirectLicenseAppTests testEngineeringBuildIsExplicitAndLeavesEvaluationFeaturesUnlocked]' started.
Test Case '-[ClipboardRouterAppTests.DirectLicenseAppTests testEngineeringBuildIsExplicitAndLeavesEvaluationFeaturesUnlocked]' passed (0.014 seconds).
Test Case '-[ClipboardRouterAppTests.DirectLicenseAppTests testExecutionPolicyExpiresAtExactLocalBoundaryWithoutWaitingForRefreshLoop]' started.
Test Case '-[ClipboardRouterAppTests.DirectLicenseAppTests testExecutionPolicyExpiresAtExactLocalBoundaryWithoutWaitingForRefreshLoop]' passed (0.012 seconds).
Test Case '-[ClipboardRouterAppTests.DirectLicenseAppTests testPartialProductionConfigurationFailsClosedInsteadOfUnlockingEngineeringMode]' started.
Test Case '-[ClipboardRouterAppTests.DirectLicenseAppTests testPartialProductionConfigurationFailsClosedInsteadOfUnlockingEngineeringMode]' passed (0.024 seconds).
Test Case '-[ClipboardRouterAppTests.DirectLicenseAppTests testRepeatedActivationIsIdempotentAndStoresOnlyVerifiedScopedToken]' started.
Test Case '-[ClipboardRouterAppTests.DirectLicenseAppTests testRepeatedActivationIsIdempotentAndStoresOnlyVerifiedScopedToken]' passed (0.038 seconds).
Test Case '-[ClipboardRouterAppTests.DirectLicenseAppTests testServiceOutagePreservesVerifiedLocalLicenseAndCredential]' started.
Test Case '-[ClipboardRouterAppTests.DirectLicenseAppTests testServiceOutagePreservesVerifiedLocalLicenseAndCredential]' passed (0.024 seconds).
Test Case '-[ClipboardRouterAppTests.DirectLicenseAppTests testWrongDeviceActivationCannotReplaceExistingCredential]' started.
Test Case '-[ClipboardRouterAppTests.DirectLicenseAppTests testWrongDeviceActivationCannotReplaceExistingCredential]' passed (0.024 seconds).
Test Suite 'DirectLicenseAppTests' passed at 2026-08-15 11:30:54.684.
	 Executed 8 tests, with 0 failures (0 unexpected) in 0.186 (0.187) seconds
Test Suite 'GlobalHotKeyTests' started at 2026-08-15 11:30:54.684.
Test Case '-[ClipboardRouterPlatformTests.GlobalHotKeyTests testCommandRegistrationIdentifiersAreUniqueAndStable]' started.
Test Case '-[ClipboardRouterPlatformTests.GlobalHotKeyTests testCommandRegistrationIdentifiersAreUniqueAndStable]' passed (0.000 seconds).
Test Case '-[ClipboardRouterPlatformTests.GlobalHotKeyTests testDefaultChoiceMatchesDocumentedCommandShiftV]' started.
Test Case '-[ClipboardRouterPlatformTests.GlobalHotKeyTests testDefaultChoiceMatchesDocumentedCommandShiftV]' passed (0.000 seconds).
Test Case '-[ClipboardRouterPlatformTests.GlobalHotKeyTests testEveryPersistableChoiceHasAUniqueDescriptorAndLabel]' started.
Test Case '-[ClipboardRouterPlatformTests.GlobalHotKeyTests testEveryPersistableChoiceHasAUniqueDescriptorAndLabel]' passed (0.000 seconds).
Test Suite 'GlobalHotKeyTests' passed at 2026-08-15 11:30:54.685.
	 Executed 3 tests, with 0 failures (0 unexpected) in 0.000 (0.001) seconds
Test Suite 'HostedAssistantClientTests' started at 2026-08-15 11:30:54.685.
Test Case '-[ClipboardRouterPlatformTests.HostedAssistantClientTests testBlankPromptMapsToEmptyPrompt]' started.
Test Case '-[ClipboardRouterPlatformTests.HostedAssistantClientTests testBlankPromptMapsToEmptyPrompt]' passed (0.001 seconds).
Test Case '-[ClipboardRouterPlatformTests.HostedAssistantClientTests testEmptyAPIKeyFailsBeforeNetworkRequest]' started.
Test Case '-[ClipboardRouterPlatformTests.HostedAssistantClientTests testEmptyAPIKeyFailsBeforeNetworkRequest]' passed (0.000 seconds).
Test Case '-[ClipboardRouterPlatformTests.HostedAssistantClientTests testMalformedSuccessResponseMapsToInvalidResponse]' started.
Test Case '-[ClipboardRouterPlatformTests.HostedAssistantClientTests testMalformedSuccessResponseMapsToInvalidResponse]' passed (0.001 seconds).
Test Case '-[ClipboardRouterPlatformTests.HostedAssistantClientTests testNetworkFailureMapsToServiceUnavailable]' started.
Test Case '-[ClipboardRouterPlatformTests.HostedAssistantClientTests testNetworkFailureMapsToServiceUnavailable]' passed (0.001 seconds).
Test Case '-[ClipboardRouterPlatformTests.HostedAssistantClientTests testOversizedResponseIsRejectedBeforeParsing]' started.
Test Case '-[ClipboardRouterPlatformTests.HostedAssistantClientTests testOversizedResponseIsRejectedBeforeParsing]' passed (0.000 seconds).
Test Case '-[ClipboardRouterPlatformTests.HostedAssistantClientTests testRateLimitStatusPreservesIntegerRetryAfter]' started.
Test Case '-[ClipboardRouterPlatformTests.HostedAssistantClientTests testRateLimitStatusPreservesIntegerRetryAfter]' passed (0.000 seconds).
Test Case '-[ClipboardRouterPlatformTests.HostedAssistantClientTests testRequestEnablesWebSearchOnlyWhenRequested]' started.
Test Case '-[ClipboardRouterPlatformTests.HostedAssistantClientTests testRequestEnablesWebSearchOnlyWhenRequested]' passed (0.001 seconds).
Test Case '-[ClipboardRouterPlatformTests.HostedAssistantClientTests testRequestExplicitlyDisablesProviderStorage]' started.
Test Case '-[ClipboardRouterPlatformTests.HostedAssistantClientTests testRequestExplicitlyDisablesProviderStorage]' passed (0.000 seconds).
Test Case '-[ClipboardRouterPlatformTests.HostedAssistantClientTests testRequestSerializesModelAndUntrustedInputTranscript]' started.
Test Case '-[ClipboardRouterPlatformTests.HostedAssistantClientTests testRequestSerializesModelAndUntrustedInputTranscript]' passed (0.000 seconds).
Test Case '-[ClipboardRouterPlatformTests.HostedAssistantClientTests testRequestUsesTrimmedBearerCredential]' started.
Test Case '-[ClipboardRouterPlatformTests.HostedAssistantClientTests testRequestUsesTrimmedBearerCredential]' passed (0.000 seconds).
Test Case '-[ClipboardRouterPlatformTests.HostedAssistantClientTests testResponseParsesTextModelRequestIDAndSafeUniqueCitations]' started.
Test Case '-[ClipboardRouterPlatformTests.HostedAssistantClientTests testResponseParsesTextModelRequestIDAndSafeUniqueCitations]' passed (0.000 seconds).
Test Case '-[ClipboardRouterPlatformTests.HostedAssistantClientTests testServerErrorMapsToServiceUnavailable]' started.
Test Case '-[ClipboardRouterPlatformTests.HostedAssistantClientTests testServerErrorMapsToServiceUnavailable]' passed (0.000 seconds).
Test Case '-[ClipboardRouterPlatformTests.HostedAssistantClientTests testUnauthorizedStatusMapsToUnauthorizedError]' started.
Test Case '-[ClipboardRouterPlatformTests.HostedAssistantClientTests testUnauthorizedStatusMapsToUnauthorizedError]' passed (0.000 seconds).
Test Suite 'HostedAssistantClientTests' passed at 2026-08-15 11:30:54.693.
	 Executed 13 tests, with 0 failures (0 unexpected) in 0.007 (0.007) seconds
Test Suite 'InsertAliasTests' started at 2026-08-15 11:30:54.693.
Test Case '-[ClipboardRouterCoreTests.InsertAliasTests testDecoderNormalizesPersistedNameAndAbbreviation]' started.
Test Case '-[ClipboardRouterCoreTests.InsertAliasTests testDecoderNormalizesPersistedNameAndAbbreviation]' passed (0.000 seconds).
Test Case '-[ClipboardRouterCoreTests.InsertAliasTests testDecoderRejectsInvalidPersistedAbbreviation]' started.
Test Case '-[ClipboardRouterCoreTests.InsertAliasTests testDecoderRejectsInvalidPersistedAbbreviation]' passed (0.000 seconds).
Test Case '-[ClipboardRouterCoreTests.InsertAliasTests testInitializerNormalizesNameAndAbbreviation]' started.
Test Case '-[ClipboardRouterCoreTests.InsertAliasTests testInitializerNormalizesNameAndAbbreviation]' passed (0.000 seconds).
Test Case '-[ClipboardRouterCoreTests.InsertAliasTests testInitializerRejectsAbbreviationContainingPunctuation]' started.
Test Case '-[ClipboardRouterCoreTests.InsertAliasTests testInitializerRejectsAbbreviationContainingPunctuation]' passed (0.000 seconds).
Test Case '-[ClipboardRouterCoreTests.InsertAliasTests testInitializerRejectsAbbreviationOverCharacterLimit]' started.
Test Case '-[ClipboardRouterCoreTests.InsertAliasTests testInitializerRejectsAbbreviationOverCharacterLimit]' passed (0.000 seconds).
Test Case '-[ClipboardRouterCoreTests.InsertAliasTests testInitializerRejectsControlCharacterInName]' started.
Test Case '-[ClipboardRouterCoreTests.InsertAliasTests testInitializerRejectsControlCharacterInName]' passed (0.000 seconds).
Test Case '-[ClipboardRouterCoreTests.InsertAliasTests testInitializerRejectsNameOverUTF8ByteLimit]' started.
Test Case '-[ClipboardRouterCoreTests.InsertAliasTests testInitializerRejectsNameOverUTF8ByteLimit]' passed (0.000 seconds).
Test Case '-[ClipboardRouterCoreTests.InsertAliasTests testInitializerRejectsOneCharacterAbbreviation]' started.
Test Case '-[ClipboardRouterCoreTests.InsertAliasTests testInitializerRejectsOneCharacterAbbreviation]' passed (0.000 seconds).
Test Case '-[ClipboardRouterCoreTests.InsertAliasTests testInitializerRejectsWhitespaceOnlyName]' started.
Test Case '-[ClipboardRouterCoreTests.InsertAliasTests testInitializerRejectsWhitespaceOnlyName]' passed (0.000 seconds).
Test Case '-[ClipboardRouterCoreTests.InsertAliasTests testNormalizeComposesEquivalentUnicodeScalars]' started.
Test Case '-[ClipboardRouterCoreTests.InsertAliasTests testNormalizeComposesEquivalentUnicodeScalars]' passed (0.000 seconds).
Test Case '-[ClipboardRouterCoreTests.InsertAliasTests testTriggerAddsExactlyOneLeadingSemicolon]' started.
Test Case '-[ClipboardRouterCoreTests.InsertAliasTests testTriggerAddsExactlyOneLeadingSemicolon]' passed (0.000 seconds).
Test Suite 'InsertAliasTests' passed at 2026-08-15 11:30:54.695.
	 Executed 11 tests, with 0 failures (0 unexpected) in 0.001 (0.002) seconds
Test Suite 'LibraryWindowPresenterTests' started at 2026-08-15 11:30:54.695.
Test Case '-[ClipboardRouterAppTests.LibraryWindowPresenterTests testActivationFailureDoesNotOpenLibraryAndReportsFailure]' started.
Test Case '-[ClipboardRouterAppTests.LibraryWindowPresenterTests testActivationFailureDoesNotOpenLibraryAndReportsFailure]' passed (0.000 seconds).
Test Case '-[ClipboardRouterAppTests.LibraryWindowPresenterTests testCancelledContinuationDoesNotRunOrDuplicatePresentation]' started.
Test Case '-[ClipboardRouterAppTests.LibraryWindowPresenterTests testCancelledContinuationDoesNotRunOrDuplicatePresentation]' passed (0.001 seconds).
Test Case '-[ClipboardRouterAppTests.LibraryWindowPresenterTests testClosedWindowFallbackUsesOnlyKeyableTitledClipboardRouterWindow]' started.
Test Case '-[ClipboardRouterAppTests.LibraryWindowPresenterTests testClosedWindowFallbackUsesOnlyKeyableTitledClipboardRouterWindow]' passed (0.000 seconds).
Test Case '-[ClipboardRouterAppTests.LibraryWindowPresenterTests testConcurrentPresentationRequestsCoalesceOneOpen]' started.
Test Case '-[ClipboardRouterAppTests.LibraryWindowPresenterTests testConcurrentPresentationRequestsCoalesceOneOpen]' passed (0.000 seconds).
Test Case '-[ClipboardRouterAppTests.LibraryWindowPresenterTests testContinuationDoesNotRunWhenWindowNeverBecomesKey]' started.
Test Case '-[ClipboardRouterAppTests.LibraryWindowPresenterTests testContinuationDoesNotRunWhenWindowNeverBecomesKey]' passed (0.000 seconds).
Test Case '-[ClipboardRouterAppTests.LibraryWindowPresenterTests testContinuationSurvivesColdSceneCreationBeyondLegacyRetryWindow]' started.
Test Case '-[ClipboardRouterAppTests.LibraryWindowPresenterTests testContinuationSurvivesColdSceneCreationBeyondLegacyRetryWindow]' passed (0.000 seconds).
Test Case '-[ClipboardRouterAppTests.LibraryWindowPresenterTests testContinuationWaitsUntilDelayedWindowBecomesKey]' started.
Test Case '-[ClipboardRouterAppTests.LibraryWindowPresenterTests testContinuationWaitsUntilDelayedWindowBecomesKey]' passed (0.000 seconds).
Test Case '-[ClipboardRouterAppTests.LibraryWindowPresenterTests testDockReopenBeforeSceneRegistrationDoesNotReportFalseFailure]' started.
Test Case '-[ClipboardRouterAppTests.LibraryWindowPresenterTests testDockReopenBeforeSceneRegistrationDoesNotReportFalseFailure]' passed (0.000 seconds).
Test Case '-[ClipboardRouterAppTests.LibraryWindowPresenterTests testDockReopenBridgeRecreatesLibraryWhenNoWindowExists]' started.
Test Case '-[ClipboardRouterAppTests.LibraryWindowPresenterTests testDockReopenBridgeRecreatesLibraryWhenNoWindowExists]' passed (0.000 seconds).
Test Case '-[ClipboardRouterAppTests.LibraryWindowPresenterTests testExistingMinimizedLibraryIsRaisedWithoutOpeningDuplicate]' started.
Test Case '-[ClipboardRouterAppTests.LibraryWindowPresenterTests testExistingMinimizedLibraryIsRaisedWithoutOpeningDuplicate]' passed (0.000 seconds).
Test Case '-[ClipboardRouterAppTests.LibraryWindowPresenterTests testMissingWindowRetriesBoundedlyAndFailsTruthfully]' started.
Test Case '-[ClipboardRouterAppTests.LibraryWindowPresenterTests testMissingWindowRetriesBoundedlyAndFailsTruthfully]' passed (0.000 seconds).
Test Case '-[ClipboardRouterAppTests.LibraryWindowPresenterTests testNewLibraryOpensOnceThenRepeatedPresentationRaisesSameWindow]' started.
Test Case '-[ClipboardRouterAppTests.LibraryWindowPresenterTests testNewLibraryOpensOnceThenRepeatedPresentationRaisesSameWindow]' passed (0.000 seconds).
Test Suite 'LibraryWindowPresenterTests' passed at 2026-08-15 11:30:54.698.
	 Executed 12 tests, with 0 failures (0 unexpected) in 0.002 (0.003) seconds
Test Suite 'LiveLinkPreviewAppTests' started at 2026-08-15 11:30:54.698.
Test Case '-[ClipboardRouterAppTests.LiveLinkPreviewAppTests testEligibleLinkLoadsOnlyOnExplicitRequestWithoutMutatingClip]' started.
Test Case '-[ClipboardRouterAppTests.LiveLinkPreviewAppTests testEligibleLinkLoadsOnlyOnExplicitRequestWithoutMutatingClip]' passed (0.014 seconds).
Test Case '-[ClipboardRouterAppTests.LiveLinkPreviewAppTests testOfflineStateAndClearCacheAreVisible]' started.
Test Case '-[ClipboardRouterAppTests.LiveLinkPreviewAppTests testOfflineStateAndClearCacheAreVisible]' passed (0.013 seconds).
Test Case '-[ClipboardRouterAppTests.LiveLinkPreviewAppTests testPrivateSensitiveAndNonHTTPSClipsAreBlockedWithoutCallingClient]' started.
Test Case '-[ClipboardRouterAppTests.LiveLinkPreviewAppTests testPrivateSensitiveAndNonHTTPSClipsAreBlockedWithoutCallingClient]' passed (0.015 seconds).
Test Suite 'LiveLinkPreviewAppTests' passed at 2026-08-15 11:30:54.740.
	 Executed 3 tests, with 0 failures (0 unexpected) in 0.042 (0.043) seconds
Test Suite 'LiveLinkPreviewTests' started at 2026-08-15 11:30:54.740.
Test Case '-[ClipboardRouterPlatformTests.LiveLinkPreviewTests testCacheDoesNotCollapseCaseSensitivePaths]' started.
Test Case '-[ClipboardRouterPlatformTests.LiveLinkPreviewTests testCacheDoesNotCollapseCaseSensitivePaths]' passed (0.000 seconds).
Test Case '-[ClipboardRouterPlatformTests.LiveLinkPreviewTests testClientParsesMetadataAndHonorsCacheRefreshAndClear]' started.
Test Case '-[ClipboardRouterPlatformTests.LiveLinkPreviewTests testClientParsesMetadataAndHonorsCacheRefreshAndClear]' passed (0.001 seconds).
Test Case '-[ClipboardRouterPlatformTests.LiveLinkPreviewTests testClientReResolvesEverySafeRedirectAndPinsEachAnswer]' started.
Test Case '-[ClipboardRouterPlatformTests.LiveLinkPreviewTests testClientReResolvesEverySafeRedirectAndPinsEachAnswer]' passed (0.000 seconds).
Test Case '-[ClipboardRouterPlatformTests.LiveLinkPreviewTests testImageRedirectIsNeverFollowedEvenWhenSameOrigin]' started.
Test Case '-[ClipboardRouterPlatformTests.LiveLinkPreviewTests testImageRedirectIsNeverFollowedEvenWhenSameOrigin]' passed (0.000 seconds).
Test Case '-[ClipboardRouterPlatformTests.LiveLinkPreviewTests testPinnedTransportDecodesBoundedChunkedBody]' started.
Test Case '-[ClipboardRouterPlatformTests.LiveLinkPreviewTests testPinnedTransportDecodesBoundedChunkedBody]' passed (0.001 seconds).
Test Case '-[ClipboardRouterPlatformTests.LiveLinkPreviewTests testPinnedTransportUsesResolvedAddressAndSanitizesRequest]' started.
Test Case '-[ClipboardRouterPlatformTests.LiveLinkPreviewTests testPinnedTransportUsesResolvedAddressAndSanitizesRequest]' passed (0.000 seconds).
Test Case '-[ClipboardRouterPlatformTests.LiveLinkPreviewTests testPrivateDNSResolutionIsRejectedBeforeTransport]' started.
Test Case '-[ClipboardRouterPlatformTests.LiveLinkPreviewTests testPrivateDNSResolutionIsRejectedBeforeTransport]' passed (0.000 seconds).
Test Case '-[ClipboardRouterPlatformTests.LiveLinkPreviewTests testTransportBoundErrorIsPreserved]' started.
Test Case '-[ClipboardRouterPlatformTests.LiveLinkPreviewTests testTransportBoundErrorIsPreserved]' passed (0.000 seconds).
Test Case '-[ClipboardRouterPlatformTests.LiveLinkPreviewTests testUnsafeRedirectIsRejectedBeforeSecondRequest]' started.
Test Case '-[ClipboardRouterPlatformTests.LiveLinkPreviewTests testUnsafeRedirectIsRejectedBeforeSecondRequest]' passed (0.000 seconds).
Test Case '-[ClipboardRouterPlatformTests.LiveLinkPreviewTests testURLPolicyAllowsOnlyPublicHTTPSWithoutCredentials]' started.
Test Case '-[ClipboardRouterPlatformTests.LiveLinkPreviewTests testURLPolicyAllowsOnlyPublicHTTPSWithoutCredentials]' passed (0.000 seconds).
Test Case '-[ClipboardRouterPlatformTests.LiveLinkPreviewTests testURLPolicyBlocksActionLikePathSegmentsIncludingEncodedAndCompoundForms]' started.
Test Case '-[ClipboardRouterPlatformTests.LiveLinkPreviewTests testURLPolicyBlocksActionLikePathSegmentsIncludingEncodedAndCompoundForms]' passed (0.000 seconds).
Test Case '-[ClipboardRouterPlatformTests.LiveLinkPreviewTests testURLPolicyBlocksKnownActionAndSignedQueryKeys]' started.
Test Case '-[ClipboardRouterPlatformTests.LiveLinkPreviewTests testURLPolicyBlocksKnownActionAndSignedQueryKeys]' passed (0.000 seconds).
Test Suite 'LiveLinkPreviewTests' passed at 2026-08-15 11:30:54.745.
	 Executed 12 tests, with 0 failures (0 unexpected) in 0.004 (0.005) seconds
Test Suite 'NotesAndHierarchyTests' started at 2026-08-15 11:30:54.745.
Test Case '-[ClipboardRouterCoreTests.NotesAndHierarchyTests testAtomicNoteEditUpdatesTitleBodyAndFolderWithOneJournalEntry]' started.
Test Case '-[ClipboardRouterCoreTests.NotesAndHierarchyTests testAtomicNoteEditUpdatesTitleBodyAndFolderWithOneJournalEntry]' passed (0.002 seconds).
Test Case '-[ClipboardRouterCoreTests.NotesAndHierarchyTests testClipAndNoteEditorsRejectStaleOptimisticConcurrencyTokens]' started.
Test Case '-[ClipboardRouterCoreTests.NotesAndHierarchyTests testClipAndNoteEditorsRejectStaleOptimisticConcurrencyTokens]' passed (0.001 seconds).
Test Case '-[ClipboardRouterCoreTests.NotesAndHierarchyTests testClipEditingPreservesHistoryAndSavedMetadataWithoutFlatteningRichContent]' started.
Test Case '-[ClipboardRouterCoreTests.NotesAndHierarchyTests testClipEditingPreservesHistoryAndSavedMetadataWithoutFlatteningRichContent]' passed (0.002 seconds).
Test Case '-[ClipboardRouterCoreTests.NotesAndHierarchyTests testCreateUpdateAndPinNotePersistAtomically]' started.
Test Case '-[ClipboardRouterCoreTests.NotesAndHierarchyTests testCreateUpdateAndPinNotePersistAtomically]' passed (0.001 seconds).
Test Case '-[ClipboardRouterCoreTests.NotesAndHierarchyTests testDeleteFolderPromotesDirectChildrenAndUnfilesOnlyDirectItems]' started.
Test Case '-[ClipboardRouterCoreTests.NotesAndHierarchyTests testDeleteFolderPromotesDirectChildrenAndUnfilesOnlyDirectItems]' passed (0.002 seconds).
Test Case '-[ClipboardRouterCoreTests.NotesAndHierarchyTests testFolderOrderingIsScopedToSiblingsAndAncestorPathIsSearchable]' started.
Test Case '-[ClipboardRouterCoreTests.NotesAndHierarchyTests testFolderOrderingIsScopedToSiblingsAndAncestorPathIsSearchable]' passed (0.001 seconds).
Test Case '-[ClipboardRouterCoreTests.NotesAndHierarchyTests testHistoryConversionIsNonDestructiveAndUsesDerivedProvenance]' started.
Test Case '-[ClipboardRouterCoreTests.NotesAndHierarchyTests testHistoryConversionIsNonDestructiveAndUsesDerivedProvenance]' passed (0.001 seconds).
Test Case '-[ClipboardRouterCoreTests.NotesAndHierarchyTests testLegacyV2SavedClipAndFolderDecodeAsClipAtRootInSchemaV3]' started.
Test Case '-[ClipboardRouterCoreTests.NotesAndHierarchyTests testLegacyV2SavedClipAndFolderDecodeAsClipAtRootInSchemaV3]' passed (0.000 seconds).
Test Case '-[ClipboardRouterCoreTests.NotesAndHierarchyTests testMoveFolderRejectsSelfAndDescendantWithoutPublishing]' started.
Test Case '-[ClipboardRouterCoreTests.NotesAndHierarchyTests testMoveFolderRejectsSelfAndDescendantWithoutPublishing]' passed (0.001 seconds).
Test Case '-[ClipboardRouterCoreTests.NotesAndHierarchyTests testNestedFoldersAllowSameNameAcrossBranchesAndRejectSiblingDuplicate]' started.
Test Case '-[ClipboardRouterCoreTests.NotesAndHierarchyTests testNestedFoldersAllowSameNameAcrossBranchesAndRejectSiblingDuplicate]' passed (0.001 seconds).
Test Case '-[ClipboardRouterCoreTests.NotesAndHierarchyTests testNoteMutationFailureRollsBackItemAndJournal]' started.
Test Case '-[ClipboardRouterCoreTests.NotesAndHierarchyTests testNoteMutationFailureRollsBackItemAndJournal]' passed (0.000 seconds).
Test Case '-[ClipboardRouterCoreTests.NotesAndHierarchyTests testSavedClipConversionPreservesIdentityFolderPinAndProvenance]' started.
Test Case '-[ClipboardRouterCoreTests.NotesAndHierarchyTests testSavedClipConversionPreservesIdentityFolderPinAndProvenance]' passed (0.001 seconds).
Test Case '-[ClipboardRouterCoreTests.NotesAndHierarchyTests testTypedOrAssetBackedContentCannotConvertToNoteAndDoesNotMutate]' started.
Test Case '-[ClipboardRouterCoreTests.NotesAndHierarchyTests testTypedOrAssetBackedContentCannotConvertToNoteAndDoesNotMutate]' passed (0.000 seconds).
Test Suite 'NotesAndHierarchyTests' passed at 2026-08-15 11:30:54.760.
	 Executed 13 tests, with 0 failures (0 unexpected) in 0.014 (0.014) seconds
Test Suite 'PersistenceAndSearchTests' started at 2026-08-15 11:30:54.760.
Test Case '-[ClipboardRouterCoreTests.PersistenceAndSearchTests testCorruptPersistenceFileReturnsTypedError]' started.
Test Case '-[ClipboardRouterCoreTests.PersistenceAndSearchTests testCorruptPersistenceFileReturnsTypedError]' passed (0.002 seconds).
Test Case '-[ClipboardRouterCoreTests.PersistenceAndSearchTests testJSONPersistenceRoundTripIncludesPolicyAndOrganization]' started.
Test Case '-[ClipboardRouterCoreTests.PersistenceAndSearchTests testJSONPersistenceRoundTripIncludesPolicyAndOrganization]' passed (0.004 seconds).
Test Case '-[ClipboardRouterCoreTests.PersistenceAndSearchTests testMissingPersistenceFileLoadsEmptySnapshot]' started.
Test Case '-[ClipboardRouterCoreTests.PersistenceAndSearchTests testMissingPersistenceFileLoadsEmptySnapshot]' passed (0.000 seconds).
Test Case '-[ClipboardRouterCoreTests.PersistenceAndSearchTests testOpenPrunesHistoryThatExpiredWhileApplicationWasClosed]' started.
Test Case '-[ClipboardRouterCoreTests.PersistenceAndSearchTests testOpenPrunesHistoryThatExpiredWhileApplicationWasClosed]' passed (0.001 seconds).
Test Case '-[ClipboardRouterCoreTests.PersistenceAndSearchTests testOpenRepairsOrphanedFolderReferencesToUnfiled]' started.
Test Case '-[ClipboardRouterCoreTests.PersistenceAndSearchTests testOpenRepairsOrphanedFolderReferencesToUnfiled]' passed (0.000 seconds).
Test Case '-[ClipboardRouterCoreTests.PersistenceAndSearchTests testSearchFindsOneMatchingClipAmongTenThousandWithoutNetwork]' started.
Test Case '-[ClipboardRouterCoreTests.PersistenceAndSearchTests testSearchFindsOneMatchingClipAmongTenThousandWithoutNetwork]' passed (0.349 seconds).
Test Case '-[ClipboardRouterCoreTests.PersistenceAndSearchTests testSearchRankingAndLimitsAreDeterministic]' started.
Test Case '-[ClipboardRouterCoreTests.PersistenceAndSearchTests testSearchRankingAndLimitsAreDeterministic]' passed (0.001 seconds).
Test Suite 'PersistenceAndSearchTests' passed at 2026-08-15 11:30:55.118.
	 Executed 7 tests, with 0 failures (0 unexpected) in 0.358 (0.358) seconds
Test Suite 'ProductMetricsTests' started at 2026-08-15 11:30:55.118.
Test Case '-[ClipboardRouterCoreTests.ProductMetricsTests testLedgerHasClosedContentBlindSchemaAndNeverSerializesCanary]' started.
Test Case '-[ClipboardRouterCoreTests.ProductMetricsTests testLedgerHasClosedContentBlindSchemaAndNeverSerializesCanary]' passed (0.002 seconds).
Test Case '-[ClipboardRouterCoreTests.ProductMetricsTests testMetricBucketsAreCoarseAndCountsAreCapped]' started.
Test Case '-[ClipboardRouterCoreTests.ProductMetricsTests testMetricBucketsAreCoarseAndCountsAreCapped]' passed (0.000 seconds).
Test Suite 'ProductMetricsTests' passed at 2026-08-15 11:30:55.120.
	 Executed 2 tests, with 0 failures (0 unexpected) in 0.002 (0.002) seconds
Test Suite 'SQLitePersistenceMigrationTests' started at 2026-08-15 11:30:55.120.
Test Case '-[ClipboardRouterCoreTests.SQLitePersistenceMigrationTests testDiskBackedTenThousandRowFTSRepairsMissingAndInconsistentIndex]' started.
Test Case '-[ClipboardRouterCoreTests.SQLitePersistenceMigrationTests testDiskBackedTenThousandRowFTSRepairsMissingAndInconsistentIndex]' passed (8.721 seconds).
Test Case '-[ClipboardRouterCoreTests.SQLitePersistenceMigrationTests testExistingSQLiteV2ReopensAsV3AndPersistsUpgrade]' started.
Test Case '-[ClipboardRouterCoreTests.SQLitePersistenceMigrationTests testExistingSQLiteV2ReopensAsV3AndPersistsUpgrade]' passed (0.017 seconds).
Test Case '-[ClipboardRouterCoreTests.SQLitePersistenceMigrationTests testLegacyJSONImportsOnceKeepsBackupAndRejectsContentBeforeFTS]' started.
Test Case '-[ClipboardRouterCoreTests.SQLitePersistenceMigrationTests testLegacyJSONImportsOnceKeepsBackupAndRejectsContentBeforeFTS]' passed (0.011 seconds).
Test Case '-[ClipboardRouterCoreTests.SQLitePersistenceMigrationTests testLegacyJSONMigrationVerifiesMultipleEntitiesIndependentOfSQLiteRowOrder]' started.
Test Case '-[ClipboardRouterCoreTests.SQLitePersistenceMigrationTests testLegacyJSONMigrationVerifiesMultipleEntitiesIndependentOfSQLiteRowOrder]' passed (0.010 seconds).
Test Case '-[ClipboardRouterCoreTests.SQLitePersistenceMigrationTests testSQLiteRoundTripUpdatesAndDeletesWithoutLosingOrganization]' started.
Test Case '-[ClipboardRouterCoreTests.SQLitePersistenceMigrationTests testSQLiteRoundTripUpdatesAndDeletesWithoutLosingOrganization]' passed (0.011 seconds).
Test Suite 'SQLitePersistenceMigrationTests' passed at 2026-08-15 11:31:03.891.
	 Executed 5 tests, with 0 failures (0 unexpected) in 8.771 (8.771) seconds
Test Suite 'SalesResearchFeatureTests' started at 2026-08-15 11:31:03.891.
Test Case '-[ClipboardRouterCoreTests.SalesResearchFeatureTests testCSVNeutralizesFormulasAndQuotesRFC4180Characters]' started.
Test Case '-[ClipboardRouterCoreTests.SalesResearchFeatureTests testCSVNeutralizesFormulasAndQuotesRFC4180Characters]' passed (0.001 seconds).
Test Case '-[ClipboardRouterCoreTests.SalesResearchFeatureTests testHandoffProjectionUsesSelectedSubtreeAndReportsEveryUnsafeItem]' started.
Test Case '-[ClipboardRouterCoreTests.SalesResearchFeatureTests testHandoffProjectionUsesSelectedSubtreeAndReportsEveryUnsafeItem]' passed (0.002 seconds).
Test Case '-[ClipboardRouterCoreTests.SalesResearchFeatureTests testMarkdownJSONAndAtomicWriterShareOneProjection]' started.
Test Case '-[ClipboardRouterCoreTests.SalesResearchFeatureTests testMarkdownJSONAndAtomicWriterShareOneProjection]' passed (0.004 seconds).
Test Case '-[ClipboardRouterCoreTests.SalesResearchFeatureTests testReplaceTagsUpdatesSearchAndJournalAtomically]' started.
Test Case '-[ClipboardRouterCoreTests.SalesResearchFeatureTests testReplaceTagsUpdatesSearchAndJournalAtomically]' passed (0.001 seconds).
Test Case '-[ClipboardRouterCoreTests.SalesResearchFeatureTests testSalesWorkspaceRecipeCommitsRootAndChildrenTogether]' started.
Test Case '-[ClipboardRouterCoreTests.SalesResearchFeatureTests testSalesWorkspaceRecipeCommitsRootAndChildrenTogether]' passed (0.001 seconds).
Test Case '-[ClipboardRouterCoreTests.SalesResearchFeatureTests testTagNormalizationIsBoundedDeterministicAndCaseInsensitive]' started.
Test Case '-[ClipboardRouterCoreTests.SalesResearchFeatureTests testTagNormalizationIsBoundedDeterministicAndCaseInsensitive]' passed (0.000 seconds).
Test Suite 'SalesResearchFeatureTests' passed at 2026-08-15 11:31:03.900.
	 Executed 6 tests, with 0 failures (0 unexpected) in 0.008 (0.009) seconds
Test Suite 'SavedLibraryAssetSyncTests' started at 2026-08-15 11:31:03.900.
Test Case '-[ClipboardRouterSyncTests.SavedLibraryAssetSyncTests testAcceptedAssetAndRecordOutboxResumeAcrossRelaunch]' started.
Test Case '-[ClipboardRouterSyncTests.SavedLibraryAssetSyncTests testAcceptedAssetAndRecordOutboxResumeAcrossRelaunch]' passed (0.009 seconds).
Test Case '-[ClipboardRouterSyncTests.SavedLibraryAssetSyncTests testAssetGarbageWaitsForGraceAndDeletesAfterConfirmedTombstone]' started.
Test Case '-[ClipboardRouterSyncTests.SavedLibraryAssetSyncTests testAssetGarbageWaitsForGraceAndDeletesAfterConfirmedTombstone]' passed (0.004 seconds).
Test Case '-[ClipboardRouterSyncTests.SavedLibraryAssetSyncTests testCorruptRemoteAssetFailsBeforeTokenAdvanceThenRecovers]' started.
Test Case '-[ClipboardRouterSyncTests.SavedLibraryAssetSyncTests testCorruptRemoteAssetFailsBeforeTokenAdvanceThenRecovers]' passed (0.005 seconds).
Test Case '-[ClipboardRouterSyncTests.SavedLibraryAssetSyncTests testRichAndImageAssetsRoundTripWithOriginalBytesAndDimensions]' started.
Test Case '-[ClipboardRouterSyncTests.SavedLibraryAssetSyncTests testRichAndImageAssetsRoundTripWithOriginalBytesAndDimensions]' passed (0.012 seconds).
Test Case '-[ClipboardRouterSyncTests.SavedLibraryAssetSyncTests testStagingUsesPrivateAtomicFilesAndBoundsRejectOversizeManifest]' started.
Test Case '-[ClipboardRouterSyncTests.SavedLibraryAssetSyncTests testStagingUsesPrivateAtomicFilesAndBoundsRejectOversizeManifest]' passed (0.004 seconds).
Test Case '-[ClipboardRouterSyncTests.SavedLibraryAssetSyncTests testTwoClipsDeduplicateOneRemoteContentAddressedAsset]' started.
Test Case '-[ClipboardRouterSyncTests.SavedLibraryAssetSyncTests testTwoClipsDeduplicateOneRemoteContentAddressedAsset]' passed (0.005 seconds).
Test Suite 'SavedLibraryAssetSyncTests' passed at 2026-08-15 11:31:03.939.
	 Executed 6 tests, with 0 failures (0 unexpected) in 0.039 (0.039) seconds
Test Suite 'SavedLibrarySyncTests' started at 2026-08-15 11:31:03.939.
Test Case '-[ClipboardRouterSyncTests.SavedLibrarySyncTests testAccountSwitchRequiresExplicitConfirmationBeforeOldOutboxUpload]' started.
Test Case '-[ClipboardRouterSyncTests.SavedLibrarySyncTests testAccountSwitchRequiresExplicitConfirmationBeforeOldOutboxUpload]' passed (0.001 seconds).
Test Case '-[ClipboardRouterSyncTests.SavedLibrarySyncTests testClipArrivingBeforeFolderDoesNotUploadPrematureUnfiledCorrection]' started.
Test Case '-[ClipboardRouterSyncTests.SavedLibrarySyncTests testClipArrivingBeforeFolderDoesNotUploadPrematureUnfiledCorrection]' passed (0.000 seconds).
Test Case '-[ClipboardRouterSyncTests.SavedLibrarySyncTests testCloudAssetChangeIdentityIsValidatedWithoutDownloadingBlob]' started.
Test Case '-[ClipboardRouterSyncTests.SavedLibrarySyncTests testCloudAssetChangeIdentityIsValidatedWithoutDownloadingBlob]' passed (0.001 seconds).
Test Case '-[ClipboardRouterSyncTests.SavedLibrarySyncTests testCloudIdentityRejectsRecordNameOrZoneMismatch]' started.
Test Case '-[ClipboardRouterSyncTests.SavedLibrarySyncTests testCloudIdentityRejectsRecordNameOrZoneMismatch]' passed (0.000 seconds).
Test Case '-[ClipboardRouterSyncTests.SavedLibrarySyncTests testCloudKitQuotaErrorsMapToActionableQuotaState]' started.
Test Case '-[ClipboardRouterSyncTests.SavedLibrarySyncTests testCloudKitQuotaErrorsMapToActionableQuotaState]' passed (0.001 seconds).
Test Case '-[ClipboardRouterSyncTests.SavedLibrarySyncTests testCloudKitRetryDelayHonorsOnlyRetryableErrors]' started.
Test Case '-[ClipboardRouterSyncTests.SavedLibrarySyncTests testCloudKitRetryDelayHonorsOnlyRetryableErrors]' passed (0.000 seconds).
Test Case '-[ClipboardRouterSyncTests.SavedLibrarySyncTests testConcurrentLocalMutationWaitsForSyncWithoutLosingOutbox]' started.
Test Case '-[ClipboardRouterSyncTests.SavedLibrarySyncTests testConcurrentLocalMutationWaitsForSyncWithoutLosingOutbox]' passed (0.000 seconds).
Test Case '-[ClipboardRouterSyncTests.SavedLibrarySyncTests testCorruptPersistedCloudKitTokenFallsBackToFullRefetchCursor]' started.
Test Case '-[ClipboardRouterSyncTests.SavedLibrarySyncTests testCorruptPersistedCloudKitTokenFallsBackToFullRefetchCursor]' passed (0.000 seconds).
Test Case '-[ClipboardRouterSyncTests.SavedLibrarySyncTests testDeletedParentPromotesChildWithStableCorrection]' started.
Test Case '-[ClipboardRouterSyncTests.SavedLibrarySyncTests testDeletedParentPromotesChildWithStableCorrection]' passed (0.000 seconds).
Test Case '-[ClipboardRouterSyncTests.SavedLibrarySyncTests testDependencyOrderPlacesNestedParentsBeforeChildrenAndItems]' started.
Test Case '-[ClipboardRouterSyncTests.SavedLibrarySyncTests testDependencyOrderPlacesNestedParentsBeforeChildrenAndItems]' passed (0.000 seconds).
Test Case '-[ClipboardRouterSyncTests.SavedLibrarySyncTests testDisableInvalidatesInFlightSyncAndPreventsLaterFetchOrCommit]' started.
Test Case '-[ClipboardRouterSyncTests.SavedLibrarySyncTests testDisableInvalidatesInFlightSyncAndPreventsLaterFetchOrCommit]' passed (0.000 seconds).
Test Case '-[ClipboardRouterSyncTests.SavedLibrarySyncTests testEqualLamportStampWithDifferentPayloadFailsWithoutAdvancingToken]' started.
Test Case '-[ClipboardRouterSyncTests.SavedLibrarySyncTests testEqualLamportStampWithDifferentPayloadFailsWithoutAdvancingToken]' passed (0.000 seconds).
Test Case '-[ClipboardRouterSyncTests.SavedLibrarySyncTests testFolderTombstoneCreatesOneStableUnfiledCorrection]' started.
Test Case '-[ClipboardRouterSyncTests.SavedLibrarySyncTests testFolderTombstoneCreatesOneStableUnfiledCorrection]' passed (0.000 seconds).
Test Case '-[ClipboardRouterSyncTests.SavedLibrarySyncTests testInMemoryTransportRejectsEqualStampWithDifferentPayload]' started.
Test Case '-[ClipboardRouterSyncTests.SavedLibrarySyncTests testInMemoryTransportRejectsEqualStampWithDifferentPayload]' passed (0.000 seconds).
Test Case '-[ClipboardRouterSyncTests.SavedLibrarySyncTests testLamportCounterAndDeviceIDResolveConcurrentEditsDeterministically]' started.
Test Case '-[ClipboardRouterSyncTests.SavedLibrarySyncTests testLamportCounterAndDeviceIDResolveConcurrentEditsDeterministically]' passed (0.000 seconds).
Test Case '-[ClipboardRouterSyncTests.SavedLibrarySyncTests testMalformedRecordsAndLamportOverflowFailClosed]' started.
Test Case '-[ClipboardRouterSyncTests.SavedLibrarySyncTests testMalformedRecordsAndLamportOverflowFailClosed]' passed (0.000 seconds).
Test Case '-[ClipboardRouterSyncTests.SavedLibrarySyncTests testNoteKindAndEditableContentRoundTripThroughPersonalSync]' started.
Test Case '-[ClipboardRouterSyncTests.SavedLibrarySyncTests testNoteKindAndEditableContentRoundTripThroughPersonalSync]' passed (0.000 seconds).
Test Case '-[ClipboardRouterSyncTests.SavedLibrarySyncTests testOfflineOutboxSurvivesAndFlushesAfterReconnect]' started.
Test Case '-[ClipboardRouterSyncTests.SavedLibrarySyncTests testOfflineOutboxSurvivesAndFlushesAfterReconnect]' passed (0.000 seconds).
Test Case '-[ClipboardRouterSyncTests.SavedLibrarySyncTests testOversizedSavedClipIsRejectedBeforeEnteringOutbox]' started.
Test Case '-[ClipboardRouterSyncTests.SavedLibrarySyncTests testOversizedSavedClipIsRejectedBeforeEnteringOutbox]' passed (0.004 seconds).
Test Case '-[ClipboardRouterSyncTests.SavedLibrarySyncTests testSyncIsExplicitlyDisabledByDefaultAndRetainsQueuedChanges]' started.
Test Case '-[ClipboardRouterSyncTests.SavedLibrarySyncTests testSyncIsExplicitlyDisabledByDefaultAndRetainsQueuedChanges]' passed (0.000 seconds).
Test Case '-[ClipboardRouterSyncTests.SavedLibrarySyncTests testTombstoneWinsAndIsRetainedIndefinitelyInMaterializedState]' started.
Test Case '-[ClipboardRouterSyncTests.SavedLibrarySyncTests testTombstoneWinsAndIsRetainedIndefinitelyInMaterializedState]' passed (0.000 seconds).
Test Case '-[ClipboardRouterSyncTests.SavedLibrarySyncTests testTwoMacsConvergeAndFolderAndClipAreTheOnlyMaterializedTypes]' started.
Test Case '-[ClipboardRouterSyncTests.SavedLibrarySyncTests testTwoMacsConvergeAndFolderAndClipAreTheOnlyMaterializedTypes]' passed (0.000 seconds).
Test Case '-[ClipboardRouterSyncTests.SavedLibrarySyncTests testUnavailableAccountReportsStatusWithoutDroppingOutbox]' started.
Test Case '-[ClipboardRouterSyncTests.SavedLibrarySyncTests testUnavailableAccountReportsStatusWithoutDroppingOutbox]' passed (0.000 seconds).
Test Suite 'SavedLibrarySyncTests' passed at 2026-08-15 11:31:03.952.
	 Executed 23 tests, with 0 failures (0 unexpected) in 0.012 (0.014) seconds
Test Suite 'SearchQueryTests' started at 2026-08-15 11:31:03.952.
Test Case '-[ClipboardRouterCoreTests.SearchQueryTests testCanonicalMetadataQueriesHaveInMemoryAndSQLiteParity]' started.
Test Case '-[ClipboardRouterCoreTests.SearchQueryTests testCanonicalMetadataQueriesHaveInMemoryAndSQLiteParity]' passed (0.014 seconds).
Test Case '-[ClipboardRouterCoreTests.SearchQueryTests testDiskAndMemoryRankingBothIncludeCanonicalMetadataScore]' started.
Test Case '-[ClipboardRouterCoreTests.SearchQueryTests testDiskAndMemoryRankingBothIncludeCanonicalMetadataScore]' passed (0.010 seconds).
Test Case '-[ClipboardRouterCoreTests.SearchQueryTests testDiskBackedTenThousandRowNaturalSearchDecodesOnlyMatchingCandidates]' started.
Test Case '-[ClipboardRouterCoreTests.SearchQueryTests testDiskBackedTenThousandRowNaturalSearchDecodesOnlyMatchingCandidates]' passed (7.694 seconds).
Test Case '-[ClipboardRouterCoreTests.SearchQueryTests testExactDateUsesLocalDayWhileFTSCandidatesCoverIntersectingUTCDates]' started.
Test Case '-[ClipboardRouterCoreTests.SearchQueryTests testExactDateUsesLocalDayWhileFTSCandidatesCoverIntersectingUTCDates]' passed (0.012 seconds).
Test Case '-[ClipboardRouterCoreTests.SearchQueryTests testExactFieldTokensRemainSupportedAndDateUsesCaptureTime]' started.
Test Case '-[ClipboardRouterCoreTests.SearchQueryTests testExactFieldTokensRemainSupportedAndDateUsesCaptureTime]' passed (0.001 seconds).
Test Case '-[ClipboardRouterCoreTests.SearchQueryTests testExactFilterReturnsGloballyNewestResultsBeyondFormerCandidateWindow]' started.
Test Case '-[ClipboardRouterCoreTests.SearchQueryTests testExactFilterReturnsGloballyNewestResultsBeyondFormerCandidateWindow]' passed (0.041 seconds).
Test Case '-[ClipboardRouterCoreTests.SearchQueryTests testExactSmartViewFacetsDoNotBroadenToRelatedAppsOrSubdomains]' started.
Test Case '-[ClipboardRouterCoreTests.SearchQueryTests testExactSmartViewFacetsDoNotBroadenToRelatedAppsOrSubdomains]' passed (0.001 seconds).
Test Case '-[ClipboardRouterCoreTests.SearchQueryTests testFolderRenameAndDeleteUpdateDerivedSearchStateAtomically]' started.
Test Case '-[ClipboardRouterCoreTests.SearchQueryTests testFolderRenameAndDeleteUpdateDerivedSearchStateAtomically]' passed (0.011 seconds).
Test Case '-[ClipboardRouterCoreTests.SearchQueryTests testInvalidNumericAndBooleanFiltersFailClosedInMemoryAndSQLite]' started.
Test Case '-[ClipboardRouterCoreTests.SearchQueryTests testInvalidNumericAndBooleanFiltersFailClosedInMemoryAndSQLite]' passed (0.007 seconds).
Test Case '-[ClipboardRouterCoreTests.SearchQueryTests testLinkedSavedClipUsageStaysConsistentAcrossIncrementalSQLiteReindex]' started.
Test Case '-[ClipboardRouterCoreTests.SearchQueryTests testLinkedSavedClipUsageStaysConsistentAcrossIncrementalSQLiteReindex]' passed (0.008 seconds).
Test Case '-[ClipboardRouterCoreTests.SearchQueryTests testNaturalRetrievalPhrasesBecomeDeterministicFilters]' started.
Test Case '-[ClipboardRouterCoreTests.SearchQueryTests testNaturalRetrievalPhrasesBecomeDeterministicFilters]' passed (0.003 seconds).
Test Case '-[ClipboardRouterCoreTests.SearchQueryTests testNumericOnlyFacetSearchIsCandidateBoundedAtTenThousandRows]' started.
Test Case '-[ClipboardRouterCoreTests.SearchQueryTests testNumericOnlyFacetSearchIsCandidateBoundedAtTenThousandRows]' passed (7.607 seconds).
Test Case '-[ClipboardRouterCoreTests.SearchQueryTests testStructuredSubstringCandidatesNeverDropFieldValidRows]' started.
Test Case '-[ClipboardRouterCoreTests.SearchQueryTests testStructuredSubstringCandidatesNeverDropFieldValidRows]' passed (0.010 seconds).
Test Suite 'SearchQueryTests' passed at 2026-08-15 11:31:19.373.
	 Executed 13 tests, with 0 failures (0 unexpected) in 15.419 (15.421) seconds
Test Suite 'SecretDetectionAndQuarantineTests' started at 2026-08-15 11:31:19.373.
Test Case '-[ClipboardRouterSecurityTests.SecretDetectionAndQuarantineTests testContentScanIncludesOCRAndCallerExtractedRichAndHTMLText]' started.
Test Case '-[ClipboardRouterSecurityTests.SecretDetectionAndQuarantineTests testContentScanIncludesOCRAndCallerExtractedRichAndHTMLText]' passed (0.001 seconds).
Test Case '-[ClipboardRouterSecurityTests.SecretDetectionAndQuarantineTests testDetectsEverySupportedSecretCategory]' started.
Test Case '-[ClipboardRouterSecurityTests.SecretDetectionAndQuarantineTests testDetectsEverySupportedSecretCategory]' passed (0.002 seconds).
Test Case '-[ClipboardRouterSecurityTests.SecretDetectionAndQuarantineTests testDetectsProviderAndConnectionStringVariants]' started.
Test Case '-[ClipboardRouterSecurityTests.SecretDetectionAndQuarantineTests testDetectsProviderAndConnectionStringVariants]' passed (0.001 seconds).
Test Case '-[ClipboardRouterSecurityTests.SecretDetectionAndQuarantineTests testExpirationSnapshotPurgesOnceAndSuppliesNextTimerDeadline]' started.
Test Case '-[ClipboardRouterSecurityTests.SecretDetectionAndQuarantineTests testExpirationSnapshotPurgesOnceAndSuppliesNextTimerDeadline]' passed (0.001 seconds).
Test Case '-[ClipboardRouterSecurityTests.SecretDetectionAndQuarantineTests testFalsePositiveFixturesRemainClear]' started.
Test Case '-[ClipboardRouterSecurityTests.SecretDetectionAndQuarantineTests testFalsePositiveFixturesRemainClear]' passed (0.002 seconds).
Test Case '-[ClipboardRouterSecurityTests.SecretDetectionAndQuarantineTests testHealthCountsEachCategoryOncePerClipAndDropsExpiredEntries]' started.
Test Case '-[ClipboardRouterSecurityTests.SecretDetectionAndQuarantineTests testHealthCountsEachCategoryOncePerClipAndDropsExpiredEntries]' passed (0.001 seconds).
Test Case '-[ClipboardRouterSecurityTests.SecretDetectionAndQuarantineTests testHealthSummaryContainsOnlyCountsAndCategories]' started.
Test Case '-[ClipboardRouterSecurityTests.SecretDetectionAndQuarantineTests testHealthSummaryContainsOnlyCountsAndCategories]' passed (0.000 seconds).
Test Case '-[ClipboardRouterSecurityTests.SecretDetectionAndQuarantineTests testHighAndMediumConfidenceAreTyped]' started.
Test Case '-[ClipboardRouterSecurityTests.SecretDetectionAndQuarantineTests testHighAndMediumConfidenceAreTyped]' passed (0.000 seconds).
Test Case '-[ClipboardRouterSecurityTests.SecretDetectionAndQuarantineTests testLuhnValidationAcceptsCommonCardLengthsAndRejectsInvalidCheckDigit]' started.
Test Case '-[ClipboardRouterSecurityTests.SecretDetectionAndQuarantineTests testLuhnValidationAcceptsCommonCardLengthsAndRejectsInvalidCheckDigit]' passed (0.000 seconds).
Test Case '-[ClipboardRouterSecurityTests.SecretDetectionAndQuarantineTests testReviewDoesNotExtendTwentyFourHourTTL]' started.
Test Case '-[ClipboardRouterSecurityTests.SecretDetectionAndQuarantineTests testReviewDoesNotExtendTwentyFourHourTTL]' passed (0.001 seconds).
Test Case '-[ClipboardRouterSecurityTests.SecretDetectionAndQuarantineTests testReviewKeepAndDeleteAreExplicitStateTransitions]' started.
Test Case '-[ClipboardRouterSecurityTests.SecretDetectionAndQuarantineTests testReviewKeepAndDeleteAreExplicitStateTransitions]' passed (0.000 seconds).
Test Case '-[ClipboardRouterSecurityTests.SecretDetectionAndQuarantineTests testScanResultSerializationCannotLeakMatchedValue]' started.
Test Case '-[ClipboardRouterSecurityTests.SecretDetectionAndQuarantineTests testScanResultSerializationCannotLeakMatchedValue]' passed (0.000 seconds).
Test Case '-[ClipboardRouterSecurityTests.SecretDetectionAndQuarantineTests testSubmitAllowsClearContentWithoutRetainingIt]' started.
Test Case '-[ClipboardRouterSecurityTests.SecretDetectionAndQuarantineTests testSubmitAllowsClearContentWithoutRetainingIt]' passed (0.000 seconds).
Test Suite 'SecretDetectionAndQuarantineTests' passed at 2026-08-15 11:31:19.384.
	 Executed 13 tests, with 0 failures (0 unexpected) in 0.010 (0.011) seconds
Test Suite 'SensitiveContentBoundaryTests' started at 2026-08-15 11:31:19.384.
Test Case '-[ClipboardRouterSyncTests.SensitiveContentBoundaryTests testSensitiveSavedClipIsLocalOnlyForPersonalAndSharedSync]' started.
Test Case '-[ClipboardRouterSyncTests.SensitiveContentBoundaryTests testSensitiveSavedClipIsLocalOnlyForPersonalAndSharedSync]' passed (0.000 seconds).
Test Suite 'SensitiveContentBoundaryTests' passed at 2026-08-15 11:31:19.384.
	 Executed 1 test, with 0 failures (0 unexpected) in 0.000 (0.000) seconds
Test Suite 'SettingsViewSupportTests' started at 2026-08-15 11:31:19.384.
Test Case '-[ClipboardRouterAppTests.SettingsViewSupportTests testClipLimitCommitClampsCompleteNumericDrafts]' started.
Test Case '-[ClipboardRouterAppTests.SettingsViewSupportTests testClipLimitCommitClampsCompleteNumericDrafts]' passed (0.000 seconds).
Test Case '-[ClipboardRouterAppTests.SettingsViewSupportTests testClipLimitCommitPreservesLastValidValueForInvalidDrafts]' started.
Test Case '-[ClipboardRouterAppTests.SettingsViewSupportTests testClipLimitCommitPreservesLastValidValueForInvalidDrafts]' passed (0.000 seconds).
Test Case '-[ClipboardRouterAppTests.SettingsViewSupportTests testClipLimitParserAcceptsOnlyCompleteInRangeIntegers]' started.
Test Case '-[ClipboardRouterAppTests.SettingsViewSupportTests testClipLimitParserAcceptsOnlyCompleteInRangeIntegers]' passed (0.000 seconds).
Test Case '-[ClipboardRouterAppTests.SettingsViewSupportTests testStoredSelectionDefaultsUnknownAndEmptyValuesToGeneral]' started.
Test Case '-[ClipboardRouterAppTests.SettingsViewSupportTests testStoredSelectionDefaultsUnknownAndEmptyValuesToGeneral]' passed (0.000 seconds).
Test Case '-[ClipboardRouterAppTests.SettingsViewSupportTests testStoredSelectionMigratesLegacyAliases]' started.
Test Case '-[ClipboardRouterAppTests.SettingsViewSupportTests testStoredSelectionMigratesLegacyAliases]' passed (0.000 seconds).
Test Case '-[ClipboardRouterAppTests.SettingsViewSupportTests testStoredSelectionPreservesCurrentDeepLinkValues]' started.
Test Case '-[ClipboardRouterAppTests.SettingsViewSupportTests testStoredSelectionPreservesCurrentDeepLinkValues]' passed (0.000 seconds).
Test Case '-[ClipboardRouterAppTests.SettingsViewSupportTests testVisibleTabsExcludeLegacyAutomationsDestination]' started.
Test Case '-[ClipboardRouterAppTests.SettingsViewSupportTests testVisibleTabsExcludeLegacyAutomationsDestination]' passed (0.000 seconds).
Test Suite 'SettingsViewSupportTests' passed at 2026-08-15 11:31:19.385.
	 Executed 7 tests, with 0 failures (0 unexpected) in 0.001 (0.001) seconds
Test Suite 'SharedAutomationTests' started at 2026-08-15 11:31:19.385.
Test Case '-[ClipboardRouterSyncTests.SharedAutomationTests testOwnerPublishesPortableDefinitionAndReceiverGetsDisabledTemplateData]' started.
Test Case '-[ClipboardRouterSyncTests.SharedAutomationTests testOwnerPublishesPortableDefinitionAndReceiverGetsDisabledTemplateData]' passed (0.000 seconds).
Test Case '-[ClipboardRouterSyncTests.SharedAutomationTests testSharedDefinitionPreservesPortableCustomTextMatcher]' started.
Test Case '-[ClipboardRouterSyncTests.SharedAutomationTests testSharedDefinitionPreservesPortableCustomTextMatcher]' passed (0.000 seconds).
Test Case '-[ClipboardRouterSyncTests.SharedAutomationTests testSharedDefinitionRejectsMachineSpecificApplicationBookmark]' started.
Test Case '-[ClipboardRouterSyncTests.SharedAutomationTests testSharedDefinitionRejectsMachineSpecificApplicationBookmark]' passed (0.000 seconds).
Test Case '-[ClipboardRouterSyncTests.SharedAutomationTests testSharedDefinitionRejectsMoveOutsideWorkspaceGraph]' started.
Test Case '-[ClipboardRouterSyncTests.SharedAutomationTests testSharedDefinitionRejectsMoveOutsideWorkspaceGraph]' passed (0.000 seconds).
Test Case '-[ClipboardRouterSyncTests.SharedAutomationTests testSharedRecordRejectsLocalEnablementState]' started.
Test Case '-[ClipboardRouterSyncTests.SharedAutomationTests testSharedRecordRejectsLocalEnablementState]' passed (0.000 seconds).
Test Suite 'SharedAutomationTests' passed at 2026-08-15 11:31:19.387.
	 Executed 5 tests, with 0 failures (0 unexpected) in 0.002 (0.002) seconds
Test Suite 'SharedDebugBundleTests' started at 2026-08-15 11:31:19.387.
Test Case '-[ClipboardRouterSyncTests.SharedDebugBundleTests testDirectPublicationRejectsAbsolutePath]' started.
Test Case '-[ClipboardRouterSyncTests.SharedDebugBundleTests testDirectPublicationRejectsAbsolutePath]' passed (0.000 seconds).
Test Case '-[ClipboardRouterSyncTests.SharedDebugBundleTests testSanitizingPublicationDropsSourceMetadataAndRedactsLocalPaths]' started.
Test Case '-[ClipboardRouterSyncTests.SharedDebugBundleTests testSanitizingPublicationDropsSourceMetadataAndRedactsLocalPaths]' passed (0.001 seconds).
Test Case '-[ClipboardRouterSyncTests.SharedDebugBundleTests testSanitizingPublicationRemovesCompletePathsWithSpacesAndLabels]' started.
Test Case '-[ClipboardRouterSyncTests.SharedDebugBundleTests testSanitizingPublicationRemovesCompletePathsWithSpacesAndLabels]' passed (0.001 seconds).
Test Suite 'SharedDebugBundleTests' passed at 2026-08-15 11:31:19.389.
	 Executed 3 tests, with 0 failures (0 unexpected) in 0.002 (0.002) seconds
Test Suite 'SharedWorkspaceFeatureTests' started at 2026-08-15 11:31:19.389.
Test Case '-[ClipboardRouterSyncTests.SharedWorkspaceFeatureTests testFingerprintIsStableInstallationBoundAndDoesNotExposeAccountID]' started.
Test Case '-[ClipboardRouterSyncTests.SharedWorkspaceFeatureTests testFingerprintIsStableInstallationBoundAndDoesNotExposeAccountID]' passed (0.000 seconds).
Test Case '-[ClipboardRouterSyncTests.SharedWorkspaceFeatureTests testLosingLocalSameItemEditBecomesBoundedRecoveryCopy]' started.
Test Case '-[ClipboardRouterSyncTests.SharedWorkspaceFeatureTests testLosingLocalSameItemEditBecomesBoundedRecoveryCopy]' passed (0.001 seconds).
Test Case '-[ClipboardRouterSyncTests.SharedWorkspaceFeatureTests testRegistryRoundTripAndChecksumFailureAreFailClosed]' started.
Test Case '-[ClipboardRouterSyncTests.SharedWorkspaceFeatureTests testRegistryRoundTripAndChecksumFailureAreFailClosed]' passed (0.003 seconds).
Test Suite 'SharedWorkspaceFeatureTests' passed at 2026-08-15 11:31:19.393.
	 Executed 3 tests, with 0 failures (0 unexpected) in 0.004 (0.004) seconds
Test Suite 'SmartViewBulkAppTests' started at 2026-08-15 11:31:19.393.
Test Case '-[ClipboardRouterAppTests.SmartViewBulkAppTests testAccessibilityClipSelectionIsDeferredAndSelectsOnlyAVisibleClip]' started.
Test Case '-[ClipboardRouterAppTests.SmartViewBulkAppTests testAccessibilityClipSelectionIsDeferredAndSelectsOnlyAVisibleClip]' passed (0.084 seconds).
Test Case '-[ClipboardRouterAppTests.SmartViewBulkAppTests testAccessibilityLibrarySectionSelectionIsDeferredAndRejectsStaleDestination]' started.
Test Case '-[ClipboardRouterAppTests.SmartViewBulkAppTests testAccessibilityLibrarySectionSelectionIsDeferredAndRejectsStaleDestination]' passed (0.086 seconds).
Test Case '-[ClipboardRouterAppTests.SmartViewBulkAppTests testBulkSecretLikeSavedItemFailsClosedEvenWithoutStoredSensitivityMetadata]' started.
Test Case '-[ClipboardRouterAppTests.SmartViewBulkAppTests testBulkSecretLikeSavedItemFailsClosedEvenWithoutStoredSensitivityMetadata]' passed (0.042 seconds).
Test Case '-[ClipboardRouterAppTests.SmartViewBulkAppTests testDeletingActiveUserSmartViewReturnsToOrdinarySection]' started.
Test Case '-[ClipboardRouterAppTests.SmartViewBulkAppTests testDeletingActiveUserSmartViewReturnsToOrdinarySection]' passed (0.040 seconds).
Test Case '-[ClipboardRouterAppTests.SmartViewBulkAppTests testMenuSearchReturnsMatchingSmartViewWithoutPersistingResults]' started.
Test Case '-[ClipboardRouterAppTests.SmartViewBulkAppTests testMenuSearchReturnsMatchingSmartViewWithoutPersistingResults]' passed (0.019 seconds).
Test Case '-[ClipboardRouterAppTests.SmartViewBulkAppTests testMixedBulkPinMutatesSavedAndEnumeratesImmutableHistory]' started.
Test Case '-[ClipboardRouterAppTests.SmartViewBulkAppTests testMixedBulkPinMutatesSavedAndEnumeratesImmutableHistory]' passed (0.175 seconds).
Test Case '-[ClipboardRouterAppTests.SmartViewBulkAppTests testPersistedUserSmartViewAppearsAndUsesOrdinarySearchResults]' started.
Test Case '-[ClipboardRouterAppTests.SmartViewBulkAppTests testPersistedUserSmartViewAppearsAndUsesOrdinarySearchResults]' passed (0.154 seconds).
Test Case '-[ClipboardRouterAppTests.SmartViewBulkAppTests testWritingCurrentLibrarySelectionDoesNotRepublishListState]' started.
Test Case '-[ClipboardRouterAppTests.SmartViewBulkAppTests testWritingCurrentLibrarySelectionDoesNotRepublishListState]' passed (0.019 seconds).
Test Suite 'SmartViewBulkAppTests' passed at 2026-08-15 11:31:20.012.
	 Executed 8 tests, with 0 failures (0 unexpected) in 0.618 (0.619) seconds
Test Suite 'SmartViewsAndBulkTests' started at 2026-08-15 11:31:20.012.
Test Case '-[ClipboardRouterCoreTests.SmartViewsAndBulkTests testBulkHistorySaveLeavesHistoryRowsUnchanged]' started.
Test Case '-[ClipboardRouterCoreTests.SmartViewsAndBulkTests testBulkHistorySaveLeavesHistoryRowsUnchanged]' passed (0.002 seconds).
Test Case '-[ClipboardRouterCoreTests.SmartViewsAndBulkTests testBulkMutationAbortsEveryItemWhenOneSourceChanged]' started.
Test Case '-[ClipboardRouterCoreTests.SmartViewsAndBulkTests testBulkMutationAbortsEveryItemWhenOneSourceChanged]' passed (0.001 seconds).
Test Case '-[ClipboardRouterCoreTests.SmartViewsAndBulkTests testBulkMutationPersistenceFailureLeavesEveryItemUnchanged]' started.
Test Case '-[ClipboardRouterCoreTests.SmartViewsAndBulkTests testBulkMutationPersistenceFailureLeavesEveryItemUnchanged]' passed (0.001 seconds).
Test Case '-[ClipboardRouterCoreTests.SmartViewsAndBulkTests testBulkPlannerRejectsHistoryForSavedMutationWithoutDroppingEligibleSavedItem]' started.
Test Case '-[ClipboardRouterCoreTests.SmartViewsAndBulkTests testBulkPlannerRejectsHistoryForSavedMutationWithoutDroppingEligibleSavedItem]' passed (0.000 seconds).
Test Case '-[ClipboardRouterCoreTests.SmartViewsAndBulkTests testBulkPlannerReportsSensitiveAndViewerFailuresPerItem]' started.
Test Case '-[ClipboardRouterCoreTests.SmartViewsAndBulkTests testBulkPlannerReportsSensitiveAndViewerFailuresPerItem]' passed (0.000 seconds).
Test Case '-[ClipboardRouterCoreTests.SmartViewsAndBulkTests testBulkSavedMutationCommitsAllEligibleItemsTogether]' started.
Test Case '-[ClipboardRouterCoreTests.SmartViewsAndBulkTests testBulkSavedMutationCommitsAllEligibleItemsTogether]' passed (0.001 seconds).
Test Case '-[ClipboardRouterCoreTests.SmartViewsAndBulkTests testSmartViewExplanationNamesEveryStructuredFilter]' started.
Test Case '-[ClipboardRouterCoreTests.SmartViewsAndBulkTests testSmartViewExplanationNamesEveryStructuredFilter]' passed (0.000 seconds).
Test Case '-[ClipboardRouterCoreTests.SmartViewsAndBulkTests testSmartViewLibraryPersistsRenamePinReorderAndDelete]' started.
Test Case '-[ClipboardRouterCoreTests.SmartViewsAndBulkTests testSmartViewLibraryPersistsRenamePinReorderAndDelete]' passed (0.000 seconds).
Test Case '-[ClipboardRouterCoreTests.SmartViewsAndBulkTests testSmartViewLibraryRejectsCaseInsensitiveDuplicateNames]' started.
Test Case '-[ClipboardRouterCoreTests.SmartViewsAndBulkTests testSmartViewLibraryRejectsCaseInsensitiveDuplicateNames]' passed (0.000 seconds).
Test Case '-[ClipboardRouterCoreTests.SmartViewsAndBulkTests testSmartViewValidationRejectsMalformedBooleanFilter]' started.
Test Case '-[ClipboardRouterCoreTests.SmartViewsAndBulkTests testSmartViewValidationRejectsMalformedBooleanFilter]' passed (0.000 seconds).
Test Case '-[ClipboardRouterCoreTests.SmartViewsAndBulkTests testSmartViewValidationUsesTheAuthoritativeMetadataGrammar]' started.
Test Case '-[ClipboardRouterCoreTests.SmartViewsAndBulkTests testSmartViewValidationUsesTheAuthoritativeMetadataGrammar]' passed (0.000 seconds).
Test Suite 'SmartViewsAndBulkTests' passed at 2026-08-15 11:31:20.020.
	 Executed 11 tests, with 0 failures (0 unexpected) in 0.007 (0.008) seconds
Test Suite 'SyncEligibilityAndSharingTests' started at 2026-08-15 11:31:20.020.
Test Case '-[ClipboardRouterSyncTests.SyncEligibilityAndSharingTests testCloudKitSharingIsCapabilityGatedWithoutNetwork]' started.
Test Case '-[ClipboardRouterSyncTests.SyncEligibilityAndSharingTests testCloudKitSharingIsCapabilityGatedWithoutNetwork]' passed (0.001 seconds).
Test Case '-[ClipboardRouterSyncTests.SyncEligibilityAndSharingTests testCoordinatorRejectsBeforeOutboxAndPersistsOnlyLocalReason]' started.
Test Case '-[ClipboardRouterSyncTests.SyncEligibilityAndSharingTests testCoordinatorRejectsBeforeOutboxAndPersistsOnlyLocalReason]' passed (0.000 seconds).
Test Case '-[ClipboardRouterSyncTests.SyncEligibilityAndSharingTests testFolderSortOrderIsDeviceLocalForViewerSessions]' started.
Test Case '-[ClipboardRouterSyncTests.SyncEligibilityAndSharingTests testFolderSortOrderIsDeviceLocalForViewerSessions]' passed (0.000 seconds).
Test Case '-[ClipboardRouterSyncTests.SyncEligibilityAndSharingTests testHistoricalAuthorizationEvidenceFailsClosedWhenMissingOrForged]' started.
Test Case '-[ClipboardRouterSyncTests.SyncEligibilityAndSharingTests testHistoricalAuthorizationEvidenceFailsClosedWhenMissingOrForged]' passed (0.000 seconds).
Test Case '-[ClipboardRouterSyncTests.SyncEligibilityAndSharingTests testHistoricalEditorRecordsSurviveDowngradeAndRemovalButCannotBeRewritten]' started.
Test Case '-[ClipboardRouterSyncTests.SyncEligibilityAndSharingTests testHistoricalEditorRecordsSurviveDowngradeAndRemovalButCannotBeRewritten]' passed (0.001 seconds).
Test Case '-[ClipboardRouterSyncTests.SyncEligibilityAndSharingTests testInMemorySharedFolderSessionCreatesAndSynchronizesExactFolderScope]' started.
Test Case '-[ClipboardRouterSyncTests.SyncEligibilityAndSharingTests testInMemorySharedFolderSessionCreatesAndSynchronizesExactFolderScope]' passed (0.001 seconds).
Test Case '-[ClipboardRouterSyncTests.SyncEligibilityAndSharingTests testInMemorySharedFolderTransportFailsClosedWhenCapabilityMissing]' started.
Test Case '-[ClipboardRouterSyncTests.SyncEligibilityAndSharingTests testInMemorySharedFolderTransportFailsClosedWhenCapabilityMissing]' passed (0.000 seconds).
Test Case '-[ClipboardRouterSyncTests.SyncEligibilityAndSharingTests testMarkLocalOnlyStoresNoEntityPayload]' started.
Test Case '-[ClipboardRouterSyncTests.SyncEligibilityAndSharingTests testMarkLocalOnlyStoresNoEntityPayload]' passed (0.000 seconds).
Test Case '-[ClipboardRouterSyncTests.SyncEligibilityAndSharingTests testOnlyReadySavedClipsAndFoldersAreEligibleByDefault]' started.
Test Case '-[ClipboardRouterSyncTests.SyncEligibilityAndSharingTests testOnlyReadySavedClipsAndFoldersAreEligibleByDefault]' passed (0.000 seconds).
Test Case '-[ClipboardRouterSyncTests.SyncEligibilityAndSharingTests testOwnerEditorViewerPermissions]' started.
Test Case '-[ClipboardRouterSyncTests.SyncEligibilityAndSharingTests testOwnerEditorViewerPermissions]' passed (0.000 seconds).
Test Case '-[ClipboardRouterSyncTests.SyncEligibilityAndSharingTests testPendingAnalysisWinsDeterministicallyOverOtherClipReasons]' started.
Test Case '-[ClipboardRouterSyncTests.SyncEligibilityAndSharingTests testPendingAnalysisWinsDeterministicallyOverOtherClipReasons]' passed (0.000 seconds).
Test Case '-[ClipboardRouterSyncTests.SyncEligibilityAndSharingTests testPerEntityFailureAndConflictAreVisible]' started.
Test Case '-[ClipboardRouterSyncTests.SyncEligibilityAndSharingTests testPerEntityFailureAndConflictAreVisible]' passed (0.001 seconds).
Test Case '-[ClipboardRouterSyncTests.SyncEligibilityAndSharingTests testPerEntityStateMovesQueuedUploadingSynced]' started.
Test Case '-[ClipboardRouterSyncTests.SyncEligibilityAndSharingTests testPerEntityStateMovesQueuedUploadingSynced]' passed (0.000 seconds).
Test Case '-[ClipboardRouterSyncTests.SyncEligibilityAndSharingTests testPolicyRejectsEveryLocalOnlyOriginWithTypedReason]' started.
Test Case '-[ClipboardRouterSyncTests.SyncEligibilityAndSharingTests testPolicyRejectsEveryLocalOnlyOriginWithTypedReason]' passed (0.000 seconds).
Test Case '-[ClipboardRouterSyncTests.SyncEligibilityAndSharingTests testPreviouslySyncedClipBecomingLocalOnlyTombstonesAndCannotResurrect]' started.
Test Case '-[ClipboardRouterSyncTests.SyncEligibilityAndSharingTests testPreviouslySyncedClipBecomingLocalOnlyTombstonesAndCannotResurrect]' passed (0.001 seconds).
Test Case '-[ClipboardRouterSyncTests.SyncEligibilityAndSharingTests testPreviouslySyncedFolderMarkedLocalOnlyUsesTombstoneButKeepsReason]' started.
Test Case '-[ClipboardRouterSyncTests.SyncEligibilityAndSharingTests testPreviouslySyncedFolderMarkedLocalOnlyUsesTombstoneButKeepsReason]' passed (0.000 seconds).
Test Case '-[ClipboardRouterSyncTests.SyncEligibilityAndSharingTests testRestoredLocalOnlyLiveOutboxIsTombstonedBeforeFirstUpload]' started.
Test Case '-[ClipboardRouterSyncTests.SyncEligibilityAndSharingTests testRestoredLocalOnlyLiveOutboxIsTombstonedBeforeFirstUpload]' passed (0.000 seconds).
Test Case '-[ClipboardRouterSyncTests.SyncEligibilityAndSharingTests testSharedCoordinatorAppliesEligibilityToLocalAndRemoteClips]' started.
Test Case '-[ClipboardRouterSyncTests.SyncEligibilityAndSharingTests testSharedCoordinatorAppliesEligibilityToLocalAndRemoteClips]' passed (0.000 seconds).
Test Case '-[ClipboardRouterSyncTests.SyncEligibilityAndSharingTests testSharedFolderReplicasConvergeForConcurrentEditsAndTombstones]' started.
Test Case '-[ClipboardRouterSyncTests.SyncEligibilityAndSharingTests testSharedFolderReplicasConvergeForConcurrentEditsAndTombstones]' passed (0.000 seconds).
Test Case '-[ClipboardRouterSyncTests.SyncEligibilityAndSharingTests testSharedFolderRestorationRejectsInconsistentLamportState]' started.
Test Case '-[ClipboardRouterSyncTests.SyncEligibilityAndSharingTests testSharedFolderRestorationRejectsInconsistentLamportState]' passed (0.000 seconds).
Test Case '-[ClipboardRouterSyncTests.SyncEligibilityAndSharingTests testSharedFolderRestorationValidatesRecordsLikeLiveMerge]' started.
Test Case '-[ClipboardRouterSyncTests.SyncEligibilityAndSharingTests testSharedFolderRestorationValidatesRecordsLikeLiveMerge]' passed (0.000 seconds).
Test Case '-[ClipboardRouterSyncTests.SyncEligibilityAndSharingTests testSharedFolderScopeMapsOneFolderToOneV2Zone]' started.
Test Case '-[ClipboardRouterSyncTests.SyncEligibilityAndSharingTests testSharedFolderScopeMapsOneFolderToOneV2Zone]' passed (0.000 seconds).
Test Case '-[ClipboardRouterSyncTests.SyncEligibilityAndSharingTests testSharedFolderSessionPreflightsEveryClipBeforeCreatingRemoteShare]' started.
Test Case '-[ClipboardRouterSyncTests.SyncEligibilityAndSharingTests testSharedFolderSessionPreflightsEveryClipBeforeCreatingRemoteShare]' passed (0.000 seconds).
Test Case '-[ClipboardRouterSyncTests.SyncEligibilityAndSharingTests testSharedFolderSessionPublishesTombstonesAndSurfacesTransportFailure]' started.
Test Case '-[ClipboardRouterSyncTests.SyncEligibilityAndSharingTests testSharedFolderSessionPublishesTombstonesAndSurfacesTransportFailure]' passed (0.000 seconds).
Test Case '-[ClipboardRouterSyncTests.SyncEligibilityAndSharingTests testSharedFolderValidatesNestedSubtreeAndNotePayload]' started.
Test Case '-[ClipboardRouterSyncTests.SyncEligibilityAndSharingTests testSharedFolderValidatesNestedSubtreeAndNotePayload]' passed (0.000 seconds).
Test Case '-[ClipboardRouterSyncTests.SyncEligibilityAndSharingTests testSharedLiveMergeRejectsStampReuseAcrossEntitiesAtomically]' started.
Test Case '-[ClipboardRouterSyncTests.SyncEligibilityAndSharingTests testSharedLiveMergeRejectsStampReuseAcrossEntitiesAtomically]' passed (0.000 seconds).
Test Case '-[ClipboardRouterSyncTests.SyncEligibilityAndSharingTests testSharedMergeRejectsEscapingAndCyclicFoldersAtomically]' started.
Test Case '-[ClipboardRouterSyncTests.SyncEligibilityAndSharingTests testSharedMergeRejectsEscapingAndCyclicFoldersAtomically]' passed (0.000 seconds).
Test Case '-[ClipboardRouterSyncTests.SyncEligibilityAndSharingTests testSharedMergeRejectsWrongScopeAndViewerAuthoredBatchAtomically]' started.
Test Case '-[ClipboardRouterSyncTests.SyncEligibilityAndSharingTests testSharedMergeRejectsWrongScopeAndViewerAuthoredBatchAtomically]' passed (0.000 seconds).
Test Case '-[ClipboardRouterSyncTests.SyncEligibilityAndSharingTests testSharedSessionSynchronizesCompleteNestedSubtreeAndSafeReparentDeletion]' started.
Test Case '-[ClipboardRouterSyncTests.SyncEligibilityAndSharingTests testSharedSessionSynchronizesCompleteNestedSubtreeAndSafeReparentDeletion]' passed (0.001 seconds).
Test Case '-[ClipboardRouterSyncTests.SyncEligibilityAndSharingTests testSnapshotWithoutEntityStatesStillDecodesAsV1]' started.
Test Case '-[ClipboardRouterSyncTests.SyncEligibilityAndSharingTests testSnapshotWithoutEntityStatesStillDecodesAsV1]' passed (0.001 seconds).
Test Case '-[ClipboardRouterSyncTests.SyncEligibilityAndSharingTests testV2CloudIdentifiersCannotOverlapLegacySchema]' started.
Test Case '-[ClipboardRouterSyncTests.SyncEligibilityAndSharingTests testV2CloudIdentifiersCannotOverlapLegacySchema]' passed (0.000 seconds).
Test Case '-[ClipboardRouterSyncTests.SyncEligibilityAndSharingTests testViewerSessionRejectsLocalMutationBeforeTransport]' started.
Test Case '-[ClipboardRouterSyncTests.SyncEligibilityAndSharingTests testViewerSessionRejectsLocalMutationBeforeTransport]' passed (0.000 seconds).
Test Suite 'SyncEligibilityAndSharingTests' passed at 2026-08-15 11:31:20.034.
	 Executed 32 tests, with 0 failures (0 unexpected) in 0.012 (0.014) seconds
Test Suite 'TextExpansionAppTests' started at 2026-08-15 11:31:20.034.
Test Case '-[ClipboardRouterAppTests.TextExpansionAppTests testPersistedSensitiveAliasNeverExpands]' started.
Test Case '-[ClipboardRouterAppTests.TextExpansionAppTests testPersistedSensitiveAliasNeverExpands]' passed (0.013 seconds).
Test Case '-[ClipboardRouterAppTests.TextExpansionAppTests testTextExpansionIsOffByDefaultAndDoesNotStartMonitor]' started.
Test Case '-[ClipboardRouterAppTests.TextExpansionAppTests testTextExpansionIsOffByDefaultAndDoesNotStartMonitor]' passed (0.012 seconds).
Test Suite 'TextExpansionAppTests' passed at 2026-08-15 11:31:20.059.
	 Executed 2 tests, with 0 failures (0 unexpected) in 0.025 (0.025) seconds
Test Suite 'TextExpansionControllerTests' started at 2026-08-15 11:31:20.059.
Test Case '-[ClipboardRouterPlatformTests.TextExpansionControllerTests testDeniedFocusFailsClosedAndClearsPartialToken]' started.
Test Case '-[ClipboardRouterPlatformTests.TextExpansionControllerTests testDeniedFocusFailsClosedAndClearsPartialToken]' passed (0.000 seconds).
Test Case '-[ClipboardRouterPlatformTests.TextExpansionControllerTests testEscapeImmediatelyAfterExpansionRestoresAlias]' started.
Test Case '-[ClipboardRouterPlatformTests.TextExpansionControllerTests testEscapeImmediatelyAfterExpansionRestoresAlias]' passed (0.000 seconds).
Test Case '-[ClipboardRouterPlatformTests.TextExpansionControllerTests testExactAliasExpansionUsesAXMutationWithoutClipboard]' started.
Test Case '-[ClipboardRouterPlatformTests.TextExpansionControllerTests testExactAliasExpansionUsesAXMutationWithoutClipboard]' passed (0.000 seconds).
Test Case '-[ClipboardRouterPlatformTests.TextExpansionControllerTests testPermissionRequiredDoesNotStartEventMonitoring]' started.
Test Case '-[ClipboardRouterPlatformTests.TextExpansionControllerTests testPermissionRequiredDoesNotStartEventMonitoring]' passed (0.000 seconds).
Test Suite 'TextExpansionControllerTests' passed at 2026-08-15 11:31:20.061.
	 Executed 4 tests, with 0 failures (0 unexpected) in 0.001 (0.001) seconds
Test Suite 'TextExpansionMatcherTests' started at 2026-08-15 11:31:20.061.
Test Case '-[ClipboardRouterCoreTests.TextExpansionMatcherTests testDelimiterCompletedAliasMatchesExactly]' started.
Test Case '-[ClipboardRouterCoreTests.TextExpansionMatcherTests testDelimiterCompletedAliasMatchesExactly]' passed (0.000 seconds).
Test Case '-[ClipboardRouterCoreTests.TextExpansionMatcherTests testNewFocusKnownToBeMidwordRejectsAliasUntilDelimiter]' started.
Test Case '-[ClipboardRouterCoreTests.TextExpansionMatcherTests testNewFocusKnownToBeMidwordRejectsAliasUntilDelimiter]' passed (0.000 seconds).
Test Case '-[ClipboardRouterCoreTests.TextExpansionMatcherTests testPartialWordAndPartialAliasDoNotExpand]' started.
Test Case '-[ClipboardRouterCoreTests.TextExpansionMatcherTests testPartialWordAndPartialAliasDoNotExpand]' passed (0.000 seconds).
Test Case '-[ClipboardRouterCoreTests.TextExpansionMatcherTests testReplacementLengthUsesAXUTF16Units]' started.
Test Case '-[ClipboardRouterCoreTests.TextExpansionMatcherTests testReplacementLengthUsesAXUTF16Units]' passed (0.000 seconds).
Test Case '-[ClipboardRouterCoreTests.TextExpansionMatcherTests testTenThousandAliasesStayWithinLocalInteractionBudget]' started.
Test Case '-[ClipboardRouterCoreTests.TextExpansionMatcherTests testTenThousandAliasesStayWithinLocalInteractionBudget]' passed (0.008 seconds).
Test Case '-[ClipboardRouterCoreTests.TextExpansionMatcherTests testTimeoutAndContextChangeClearToken]' started.
Test Case '-[ClipboardRouterCoreTests.TextExpansionMatcherTests testTimeoutAndContextChangeClearToken]' passed (0.000 seconds).
Test Suite 'TextExpansionMatcherTests' passed at 2026-08-15 11:31:20.070.
	 Executed 6 tests, with 0 failures (0 unexpected) in 0.009 (0.009) seconds
Test Suite 'TypedContentAssetAndFTSTests' started at 2026-08-15 11:31:20.070.
Test Case '-[ClipboardRouterCoreTests.TypedContentAssetAndFTSTests testAssetStoreQuotaSetterClampsSafelyAndAppliesImmediately]' started.
Test Case '-[ClipboardRouterCoreTests.TypedContentAssetAndFTSTests testAssetStoreQuotaSetterClampsSafelyAndAppliesImmediately]' passed (0.002 seconds).
Test Case '-[ClipboardRouterCoreTests.TypedContentAssetAndFTSTests testAssetStoreRoundTripDeduplicatesAndGarbageCollectsOnlyUnreferenced]' started.
Test Case '-[ClipboardRouterCoreTests.TypedContentAssetAndFTSTests testAssetStoreRoundTripDeduplicatesAndGarbageCollectsOnlyUnreferenced]' passed (0.002 seconds).
Test Case '-[ClipboardRouterCoreTests.TypedContentAssetAndFTSTests testEstimatedStorageDoesNotDoubleCountOneContentAddressUsedByImageAndThumbnail]' started.
Test Case '-[ClipboardRouterCoreTests.TypedContentAssetAndFTSTests testEstimatedStorageDoesNotDoubleCountOneContentAddressUsedByImageAndThumbnail]' passed (0.000 seconds).
Test Case '-[ClipboardRouterCoreTests.TypedContentAssetAndFTSTests testFTSMetadataFiltersAndTenThousandRowBudget]' started.
Test Case '-[ClipboardRouterCoreTests.TypedContentAssetAndFTSTests testFTSMetadataFiltersAndTenThousandRowBudget]' passed (0.335 seconds).
Test Case '-[ClipboardRouterCoreTests.TypedContentAssetAndFTSTests testImageMetadataDecodesLegacyValuesAndRejectsInvalidEncodedSize]' started.
Test Case '-[ClipboardRouterCoreTests.TypedContentAssetAndFTSTests testImageMetadataDecodesLegacyValuesAndRejectsInvalidEncodedSize]' passed (0.000 seconds).
Test Case '-[ClipboardRouterCoreTests.TypedContentAssetAndFTSTests testLegacySchemaOneDecodesAsCurrentSchemaWithSafeDefaults]' started.
Test Case '-[ClipboardRouterCoreTests.TypedContentAssetAndFTSTests testLegacySchemaOneDecodesAsCurrentSchemaWithSafeDefaults]' passed (0.000 seconds).
Test Case '-[ClipboardRouterCoreTests.TypedContentAssetAndFTSTests testRepresentationManifestParticipatesInIdentityButOCRDoesNot]' started.
Test Case '-[ClipboardRouterCoreTests.TypedContentAssetAndFTSTests testRepresentationManifestParticipatesInIdentityButOCRDoesNot]' passed (0.000 seconds).
Test Case '-[ClipboardRouterCoreTests.TypedContentAssetAndFTSTests testSnapshotAwareAssetMaintenanceKeepsReferencesAndReportsEffectiveQuota]' started.
Test Case '-[ClipboardRouterCoreTests.TypedContentAssetAndFTSTests testSnapshotAwareAssetMaintenanceKeepsReferencesAndReportsEffectiveQuota]' passed (0.004 seconds).
Test Suite 'TypedContentAssetAndFTSTests' passed at 2026-08-15 11:31:20.414.
	 Executed 8 tests, with 0 failures (0 unexpected) in 0.344 (0.344) seconds
Test Suite 'TypedPasteboardCaptureTests' started at 2026-08-15 11:31:20.414.
Test Case '-[ClipboardRouterPlatformTests.TypedPasteboardCaptureTests testDraftIsMemoryOnlyUntilCallerExplicitlyMaterializesIt]' started.
Test Case '-[ClipboardRouterPlatformTests.TypedPasteboardCaptureTests testDraftIsMemoryOnlyUntilCallerExplicitlyMaterializesIt]' passed (0.001 seconds).
Test Case '-[ClipboardRouterPlatformTests.TypedPasteboardCaptureTests testGenerationChangeReturnsNoPartialDraftAndNewConcealedGenerationIsRejected]' started.
Test Case '-[ClipboardRouterPlatformTests.TypedPasteboardCaptureTests testGenerationChangeReturnsNoPartialDraftAndNewConcealedGenerationIsRejected]' passed (0.000 seconds).
Test Case '-[ClipboardRouterPlatformTests.TypedPasteboardCaptureTests testImageMaterializationCreatesBoundedLocalThumbnailAndMetadata]' started.
Test Case '-[ClipboardRouterPlatformTests.TypedPasteboardCaptureTests testImageMaterializationCreatesBoundedLocalThumbnailAndMetadata]' passed (0.003 seconds).
Test Case '-[ClipboardRouterPlatformTests.TypedPasteboardCaptureTests testImageMaterializationRejectsMalformedAndOversizedImagesBeforeStorage]' started.
Test Case '-[ClipboardRouterPlatformTests.TypedPasteboardCaptureTests testImageMaterializationRejectsMalformedAndOversizedImagesBeforeStorage]' passed (0.000 seconds).
Test Case '-[ClipboardRouterPlatformTests.TypedPasteboardCaptureTests testMonitorAddsActualApplicationAndExplicitURLContext]' started.
Test Case '-[ClipboardRouterPlatformTests.TypedPasteboardCaptureTests testMonitorAddsActualApplicationAndExplicitURLContext]' passed (0.000 seconds).
Test Case '-[ClipboardRouterPlatformTests.TypedPasteboardCaptureTests testPrivacyAndExclusionChecksRunBeforeTypedPayloadRead]' started.
Test Case '-[ClipboardRouterPlatformTests.TypedPasteboardCaptureTests testPrivacyAndExclusionChecksRunBeforeTypedPayloadRead]' passed (0.000 seconds).
Test Case '-[ClipboardRouterPlatformTests.TypedPasteboardCaptureTests testRepeatedImageMaterializationDeduplicatesOriginalAndThumbnailStorage]' started.
Test Case '-[ClipboardRouterPlatformTests.TypedPasteboardCaptureTests testRepeatedImageMaterializationDeduplicatesOriginalAndThumbnailStorage]' passed (0.004 seconds).
Test Case '-[ClipboardRouterPlatformTests.TypedPasteboardCaptureTests testSensitivityTextIncludesPlainRichHTMLAndOCRRepresentations]' started.
Test Case '-[ClipboardRouterPlatformTests.TypedPasteboardCaptureTests testSensitivityTextIncludesPlainRichHTMLAndOCRRepresentations]' passed (0.131 seconds).
Test Case '-[ClipboardRouterPlatformTests.TypedPasteboardCaptureTests testSystemReaderPreservesImageAndMultipleFileURLs]' started.
Test Case '-[ClipboardRouterPlatformTests.TypedPasteboardCaptureTests testSystemReaderPreservesImageAndMultipleFileURLs]' passed (0.001 seconds).
Test Case '-[ClipboardRouterPlatformTests.TypedPasteboardCaptureTests testSystemReaderPreservesPlainRTFAndHTMLFromOneGeneration]' started.
Test Case '-[ClipboardRouterPlatformTests.TypedPasteboardCaptureTests testSystemReaderPreservesPlainRTFAndHTMLFromOneGeneration]' passed (0.001 seconds).
Test Case '-[ClipboardRouterPlatformTests.TypedPasteboardCaptureTests testSystemReaderRejectsRepresentationOverHardLimit]' started.
Test Case '-[ClipboardRouterPlatformTests.TypedPasteboardCaptureTests testSystemReaderRejectsRepresentationOverHardLimit]' passed (0.000 seconds).
Test Case '-[ClipboardRouterPlatformTests.TypedPasteboardCaptureTests testVisionOCRServiceUsesDetachedWorkAndEnforcesLimit]' started.
Test Case '-[ClipboardRouterPlatformTests.TypedPasteboardCaptureTests testVisionOCRServiceUsesDetachedWorkAndEnforcesLimit]' passed (0.001 seconds).
Test Suite 'TypedPasteboardCaptureTests' passed at 2026-08-15 11:31:20.557.
	 Executed 12 tests, with 0 failures (0 unexpected) in 0.142 (0.143) seconds
Test Suite 'TypedPasteboardWriterTests' started at 2026-08-15 11:31:20.557.
Test Case '-[ClipboardRouterPlatformTests.TypedPasteboardWriterTests testEmptyLegacySourceMetadataFallsBackToSemanticTextType]' started.
Test Case '-[ClipboardRouterPlatformTests.TypedPasteboardWriterTests testEmptyLegacySourceMetadataFallsBackToSemanticTextType]' passed (0.001 seconds).
Test Case '-[ClipboardRouterPlatformTests.TypedPasteboardWriterTests testFileOnlyOriginalModeDoesNotCreateGhostTextItem]' started.
Test Case '-[ClipboardRouterPlatformTests.TypedPasteboardWriterTests testFileOnlyOriginalModeDoesNotCreateGhostTextItem]' passed (0.000 seconds).
Test Case '-[ClipboardRouterPlatformTests.TypedPasteboardWriterTests testImageOnlyOriginalModeDoesNotAdvertiseDerivedTextAndProducesReadableImage]' started.
Test Case '-[ClipboardRouterPlatformTests.TypedPasteboardWriterTests testImageOnlyOriginalModeDoesNotAdvertiseDerivedTextAndProducesReadableImage]' passed (0.001 seconds).
Test Case '-[ClipboardRouterPlatformTests.TypedPasteboardWriterTests testImageWithOriginalStringPreservesBothRepresentations]' started.
Test Case '-[ClipboardRouterPlatformTests.TypedPasteboardWriterTests testImageWithOriginalStringPreservesBothRepresentations]' passed (0.001 seconds).
Test Case '-[ClipboardRouterPlatformTests.TypedPasteboardWriterTests testOriginalModeRestoresAllRepresentationsAndFileItems]' started.
Test Case '-[ClipboardRouterPlatformTests.TypedPasteboardWriterTests testOriginalModeRestoresAllRepresentationsAndFileItems]' passed (0.001 seconds).
Test Case '-[ClipboardRouterPlatformTests.TypedPasteboardWriterTests testPlainModeDoesNotReadOrWriteOriginalAssets]' started.
Test Case '-[ClipboardRouterPlatformTests.TypedPasteboardWriterTests testPlainModeDoesNotReadOrWriteOriginalAssets]' passed (0.000 seconds).
Test Suite 'TypedPasteboardWriterTests' passed at 2026-08-15 11:31:20.562.
	 Executed 6 tests, with 0 failures (0 unexpected) in 0.004 (0.005) seconds
Test Suite 'UIAcceptanceRuntimeTests' started at 2026-08-15 11:31:20.562.
Test Case '-[ClipboardRouterAppTests.UIAcceptanceRuntimeTests testConfigurationRejectsUnsafeOrMissingRunID]' started.
Test Case '-[ClipboardRouterAppTests.UIAcceptanceRuntimeTests testConfigurationRejectsUnsafeOrMissingRunID]' passed (0.000 seconds).
Test Case '-[ClipboardRouterAppTests.UIAcceptanceRuntimeTests testConfigurationRequiresExactBundleIdentifierAndExplicitFlag]' started.
Test Case '-[ClipboardRouterAppTests.UIAcceptanceRuntimeTests testConfigurationRequiresExactBundleIdentifierAndExplicitFlag]' passed (0.000 seconds).
Test Case '-[ClipboardRouterAppTests.UIAcceptanceRuntimeTests testFixtureHasOneThousandOneDeterministicHistoryRowsAndCaptureOff]' started.
Test Case '-[ClipboardRouterAppTests.UIAcceptanceRuntimeTests testFixtureHasOneThousandOneDeterministicHistoryRowsAndCaptureOff]' passed (0.006 seconds).
Test Suite 'UIAcceptanceRuntimeTests' passed at 2026-08-15 11:31:20.568.
	 Executed 3 tests, with 0 failures (0 unexpected) in 0.006 (0.007) seconds
Test Suite 'VaultSecurityTests' started at 2026-08-15 11:31:20.568.
Test Case '-[ClipboardRouterSecurityTests.VaultSecurityTests testActivityAuthorizationFailsClosedAtDeadlineWithoutPolling]' started.
Test Case '-[ClipboardRouterSecurityTests.VaultSecurityTests testActivityAuthorizationFailsClosedAtDeadlineWithoutPolling]' passed (0.001 seconds).
Test Case '-[ClipboardRouterSecurityTests.VaultSecurityTests testAESGCMRoundTripAuthenticatesEnvelopeIdentityAndVersion]' started.
Test Case '-[ClipboardRouterSecurityTests.VaultSecurityTests testAESGCMRoundTripAuthenticatesEnvelopeIdentityAndVersion]' passed (0.001 seconds).
Test Case '-[ClipboardRouterSecurityTests.VaultSecurityTests testAuthenticationFailureNeverLoadsKeyAndSessionExpires]' started.
Test Case '-[ClipboardRouterSecurityTests.VaultSecurityTests testAuthenticationFailureNeverLoadsKeyAndSessionExpires]' passed (0.000 seconds).
Test Case '-[ClipboardRouterSecurityTests.VaultSecurityTests testCiphertextAndTagTamperingAreRejected]' started.
Test Case '-[ClipboardRouterSecurityTests.VaultSecurityTests testCiphertextAndTagTamperingAreRejected]' passed (0.000 seconds).
Test Case '-[ClipboardRouterSecurityTests.VaultSecurityTests testConcurrentVaultMutationsDoNotLoseUnrelatedChanges]' started.
Test Case '-[ClipboardRouterSecurityTests.VaultSecurityTests testConcurrentVaultMutationsDoNotLoseUnrelatedChanges]' passed (0.004 seconds).
Test Case '-[ClipboardRouterSecurityTests.VaultSecurityTests testEverySensitiveLifecycleEventLocksImmediately]' started.
Test Case '-[ClipboardRouterSecurityTests.VaultSecurityTests testEverySensitiveLifecycleEventLocksImmediately]' passed (0.000 seconds).
Test Case '-[ClipboardRouterSecurityTests.VaultSecurityTests testLockDuringAuthenticationInvalidatesSuspendedUnlock]' started.
Test Case '-[ClipboardRouterSecurityTests.VaultSecurityTests testLockDuringAuthenticationInvalidatesSuspendedUnlock]' passed (0.003 seconds).
Test Case '-[ClipboardRouterSecurityTests.VaultSecurityTests testLockDuringKeyLoadInvalidatesSuspendedUnlock]' started.
Test Case '-[ClipboardRouterSecurityTests.VaultSecurityTests testLockDuringKeyLoadInvalidatesSuspendedUnlock]' passed (0.003 seconds).
Test Case '-[ClipboardRouterSecurityTests.VaultSecurityTests testMigrationEncryptedStageRevalidatesDestinationBeforeRemovingSource]' started.
Test Case '-[ClipboardRouterSecurityTests.VaultSecurityTests testMigrationEncryptedStageRevalidatesDestinationBeforeRemovingSource]' passed (0.001 seconds).
Test Case '-[ClipboardRouterSecurityTests.VaultSecurityTests testMigrationJournalResumesWithoutDuplicatingEncryptedItem]' started.
Test Case '-[ClipboardRouterSecurityTests.VaultSecurityTests testMigrationJournalResumesWithoutDuplicatingEncryptedItem]' passed (0.000 seconds).
Test Case '-[ClipboardRouterSecurityTests.VaultSecurityTests testMigrationRejectsDuplicateSourceIDsWithoutTrap]' started.
Test Case '-[ClipboardRouterSecurityTests.VaultSecurityTests testMigrationRejectsDuplicateSourceIDsWithoutTrap]' passed (0.000 seconds).
Test Case '-[ClipboardRouterSecurityTests.VaultSecurityTests testMissingOrMismatchedKeyForExistingCiphertextFailsClosed]' started.
Test Case '-[ClipboardRouterSecurityTests.VaultSecurityTests testMissingOrMismatchedKeyForExistingCiphertextFailsClosed]' passed (0.000 seconds).
Test Case '-[ClipboardRouterSecurityTests.VaultSecurityTests testNotesUseSameFailClosedContentEligibilityAsClips]' started.
Test Case '-[ClipboardRouterSecurityTests.VaultSecurityTests testNotesUseSameFailClosedContentEligibilityAsClips]' passed (0.000 seconds).
Test Case '-[ClipboardRouterSecurityTests.VaultSecurityTests testPlainTextAndURLNotesRoundTripInsideAuthenticatedCiphertext]' started.
Test Case '-[ClipboardRouterSecurityTests.VaultSecurityTests testPlainTextAndURLNotesRoundTripInsideAuthenticatedCiphertext]' passed (0.000 seconds).
Test Case '-[ClipboardRouterSecurityTests.VaultSecurityTests testSecurePasteClearsOnlyOwnedGenerationAndMarker]' started.
Test Case '-[ClipboardRouterSecurityTests.VaultSecurityTests testSecurePasteClearsOnlyOwnedGenerationAndMarker]' passed (0.000 seconds).
Test Case '-[ClipboardRouterSecurityTests.VaultSecurityTests testSystemSecurePasteIsHostOnlyAndCarriesMonitorExclusionMarker]' started.
Test Case '-[ClipboardRouterSecurityTests.VaultSecurityTests testSystemSecurePasteIsHostOnlyAndCarriesMonitorExclusionMarker]' passed (0.001 seconds).
Test Case '-[ClipboardRouterSecurityTests.VaultSecurityTests testVaultDeleteRequiresUnlockedSession]' started.
Test Case '-[ClipboardRouterSecurityTests.VaultSecurityTests testVaultDeleteRequiresUnlockedSession]' passed (0.000 seconds).
Test Case '-[ClipboardRouterSecurityTests.VaultSecurityTests testVaultItemDecodeCannotBypassContentValidation]' started.
Test Case '-[ClipboardRouterSecurityTests.VaultSecurityTests testVaultItemDecodeCannotBypassContentValidation]' passed (0.000 seconds).
Test Case '-[ClipboardRouterSecurityTests.VaultSecurityTests testVaultItemProvenanceRoundTripsAndLegacyPayloadDecodesWithoutIt]' started.
Test Case '-[ClipboardRouterSecurityTests.VaultSecurityTests testVaultItemProvenanceRoundTripsAndLegacyPayloadDecodesWithoutIt]' passed (0.000 seconds).
Test Case '-[ClipboardRouterSecurityTests.VaultSecurityTests testVaultItemRejectsNonTextTypesAndEveryExternalRepresentation]' started.
Test Case '-[ClipboardRouterSecurityTests.VaultSecurityTests testVaultItemRejectsNonTextTypesAndEveryExternalRepresentation]' passed (0.000 seconds).
Test Case '-[ClipboardRouterSecurityTests.VaultSecurityTests testVaultStoreContainsNoPlaintextAndCannotReadWhileLocked]' started.
Test Case '-[ClipboardRouterSecurityTests.VaultSecurityTests testVaultStoreContainsNoPlaintextAndCannotReadWhileLocked]' passed (0.000 seconds).
Test Suite 'VaultSecurityTests' passed at 2026-08-15 11:31:20.587.
	 Executed 21 tests, with 0 failures (0 unexpected) in 0.017 (0.018) seconds
Test Suite 'VaultTypedPayloadAppTests' started at 2026-08-15 11:31:20.587.
Test Case '-[ClipboardRouterAppTests.VaultTypedPayloadAppTests testMissingVaultAssetPreventsRelaunchRecoveryFromDeletingOrdinarySource]' started.
Test Case '-[ClipboardRouterAppTests.VaultTypedPayloadAppTests testMissingVaultAssetPreventsRelaunchRecoveryFromDeletingOrdinarySource]' passed (0.024 seconds).
Test Case '-[ClipboardRouterAppTests.VaultTypedPayloadAppTests testRichClipMovesThroughAppAndRestoresOriginalBytesAfterRelaunch]' started.
Test Case '-[ClipboardRouterAppTests.VaultTypedPayloadAppTests testRichClipMovesThroughAppAndRestoresOriginalBytesAfterRelaunch]' passed (0.039 seconds).
Test Suite 'VaultTypedPayloadAppTests' passed at 2026-08-15 11:31:20.650.
	 Executed 2 tests, with 0 failures (0 unexpected) in 0.063 (0.063) seconds
Test Suite 'VaultTypedPayloadTests' started at 2026-08-15 11:31:20.650.
Test Case '-[ClipboardRouterSecurityTests.VaultTypedPayloadTests testChunkTamperingMissingAssetAndManifestMismatchFailClosed]' started.
Test Case '-[ClipboardRouterSecurityTests.VaultTypedPayloadTests testChunkTamperingMissingAssetAndManifestMismatchFailClosed]' passed (0.003 seconds).
Test Case '-[ClipboardRouterSecurityTests.VaultTypedPayloadTests testDiskCanaryAbsentAfterAuthenticatedVaultMoveAndSensitiveCheckpoint]' started.
Test Case '-[ClipboardRouterSecurityTests.VaultTypedPayloadTests testDiskCanaryAbsentAfterAuthenticatedVaultMoveAndSensitiveCheckpoint]' passed (0.023 seconds).
Test Case '-[ClipboardRouterSecurityTests.VaultTypedPayloadTests testRelaunchRecoveryIsIdempotentForTypedPayload]' started.
Test Case '-[ClipboardRouterSecurityTests.VaultTypedPayloadTests testRelaunchRecoveryIsIdempotentForTypedPayload]' passed (0.001 seconds).
Test Case '-[ClipboardRouterSecurityTests.VaultTypedPayloadTests testRichHTMLImageAndFilePayloadsRoundTripWithoutFlattening]' started.
Test Case '-[ClipboardRouterSecurityTests.VaultTypedPayloadTests testRichHTMLImageAndFilePayloadsRoundTripWithoutFlattening]' passed (0.008 seconds).
Test Case '-[ClipboardRouterSecurityTests.VaultTypedPayloadTests testSecurePasteRestoresOriginalRepresentationsAndOwnershipMarkers]' started.
Test Case '-[ClipboardRouterSecurityTests.VaultTypedPayloadTests testSecurePasteRestoresOriginalRepresentationsAndOwnershipMarkers]' passed (0.002 seconds).
Test Suite 'VaultTypedPayloadTests' passed at 2026-08-15 11:31:20.687.
	 Executed 5 tests, with 0 failures (0 unexpected) in 0.037 (0.038) seconds
Test Suite 'WorkflowEngineTests' started at 2026-08-15 11:31:20.687.
Test Case '-[ClipboardRouterCoreTests.WorkflowEngineTests testCombinedNoteExpectationRejectsADeletedSourceAtomically]' started.
Test Case '-[ClipboardRouterCoreTests.WorkflowEngineTests testCombinedNoteExpectationRejectsADeletedSourceAtomically]' passed (0.001 seconds).
Test Case '-[ClipboardRouterCoreTests.WorkflowEngineTests testContextPackDecodeRevalidatesBounds]' started.
Test Case '-[ClipboardRouterCoreTests.WorkflowEngineTests testContextPackDecodeRevalidatesBounds]' passed (0.000 seconds).
Test Case '-[ClipboardRouterCoreTests.WorkflowEngineTests testContextPackEnforcesItemCountSizeAndDuplicateBounds]' started.
Test Case '-[ClipboardRouterCoreTests.WorkflowEngineTests testContextPackEnforcesItemCountSizeAndDuplicateBounds]' passed (0.000 seconds).
Test Case '-[ClipboardRouterCoreTests.WorkflowEngineTests testContextPackRejectsRenderedOverflowAndRollsBackInsert]' started.
Test Case '-[ClipboardRouterCoreTests.WorkflowEngineTests testContextPackRejectsRenderedOverflowAndRollsBackInsert]' passed (0.000 seconds).
Test Case '-[ClipboardRouterCoreTests.WorkflowEngineTests testContextPackRendersOrderedDeterministicMarkdown]' started.
Test Case '-[ClipboardRouterCoreTests.WorkflowEngineTests testContextPackRendersOrderedDeterministicMarkdown]' passed (0.001 seconds).
Test Case '-[ClipboardRouterCoreTests.WorkflowEngineTests testPasteStackAdvancesOnlyAfterConfirmedSuccess]' started.
Test Case '-[ClipboardRouterCoreTests.WorkflowEngineTests testPasteStackAdvancesOnlyAfterConfirmedSuccess]' passed (0.000 seconds).
Test Case '-[ClipboardRouterCoreTests.WorkflowEngineTests testPasteStackAttemptIsStableAndStaleConfirmationCannotAdvance]' started.
Test Case '-[ClipboardRouterCoreTests.WorkflowEngineTests testPasteStackAttemptIsStableAndStaleConfirmationCannotAdvance]' passed (0.000 seconds).
Test Case '-[ClipboardRouterCoreTests.WorkflowEngineTests testPasteStackRejectsDuplicateEntries]' started.
Test Case '-[ClipboardRouterCoreTests.WorkflowEngineTests testPasteStackRejectsDuplicateEntries]' passed (0.000 seconds).
Test Case '-[ClipboardRouterCoreTests.WorkflowEngineTests testPasteStackSkipPreviousRestartAndClear]' started.
Test Case '-[ClipboardRouterCoreTests.WorkflowEngineTests testPasteStackSkipPreviousRestartAndClear]' passed (0.000 seconds).
Test Case '-[ClipboardRouterCoreTests.WorkflowEngineTests testPrivateSessionClearAndEndDestroyBufferedValues]' started.
Test Case '-[ClipboardRouterCoreTests.WorkflowEngineTests testPrivateSessionClearAndEndDestroyBufferedValues]' passed (0.000 seconds).
Test Case '-[ClipboardRouterCoreTests.WorkflowEngineTests testPrivateSessionRejectsInvalidCapacity]' started.
Test Case '-[ClipboardRouterCoreTests.WorkflowEngineTests testPrivateSessionRejectsInvalidCapacity]' passed (0.000 seconds).
Test Case '-[ClipboardRouterCoreTests.WorkflowEngineTests testPrivateSessionRingBufferOverwritesOldestInMemoryValue]' started.
Test Case '-[ClipboardRouterCoreTests.WorkflowEngineTests testPrivateSessionRingBufferOverwritesOldestInMemoryValue]' passed (0.000 seconds).
Test Case '-[ClipboardRouterCoreTests.WorkflowEngineTests testRedactionRejectsOutOfBoundsRange]' started.
Test Case '-[ClipboardRouterCoreTests.WorkflowEngineTests testRedactionRejectsOutOfBoundsRange]' passed (0.000 seconds).
Test Case '-[ClipboardRouterCoreTests.WorkflowEngineTests testRedactionUsesUnicodeCharacterOffsetsAndMergesOverlaps]' started.
Test Case '-[ClipboardRouterCoreTests.WorkflowEngineTests testRedactionUsesUnicodeCharacterOffsetsAndMergesOverlaps]' passed (0.000 seconds).
Test Case '-[ClipboardRouterCoreTests.WorkflowEngineTests testSafeTransformPipelineAndCodeFenceAreStable]' started.
Test Case '-[ClipboardRouterCoreTests.WorkflowEngineTests testSafeTransformPipelineAndCodeFenceAreStable]' passed (0.000 seconds).
Test Case '-[ClipboardRouterCoreTests.WorkflowEngineTests testSafeTransformsAreDeterministicAndDoNotMutateOriginal]' started.
Test Case '-[ClipboardRouterCoreTests.WorkflowEngineTests testSafeTransformsAreDeterministicAndDoNotMutateOriginal]' passed (0.001 seconds).
Test Suite 'WorkflowEngineTests' passed at 2026-08-15 11:31:20.694.
	 Executed 16 tests, with 0 failures (0 unexpected) in 0.005 (0.006) seconds
Test Suite 'ClipboardRouterPackageTests.xctest' passed at 2026-08-15 11:31:20.694.
	 Executed 671 tests, with 0 failures (0 unexpected) in 37.238 (37.289) seconds
Test Suite 'All tests' passed at 2026-08-15 11:31:20.694.
	 Executed 671 tests, with 0 failures (0 unexpected) in 37.238 (37.291) seconds
◇ Test run started.
↳ Testing Library Version: 1902
↳ Target Platform: arm64e-apple-macos14.0
◇ Suite PasteAutomationTests started.
◇ Test "A Quartz event creation failure is surfaced" started.
◇ Test "Permission checks do not prompt during ordinary status refresh" started.
◇ Test "A trusted app posts one paste shortcut" started.
◇ Test "An untrusted app never synthesizes a paste shortcut" started.
◇ Test "The explicit request is the only path that asks macOS for Accessibility access" started.
✔ Test "Permission checks do not prompt during ordinary status refresh" passed after 0.001 seconds.
✔ Test "A trusted app posts one paste shortcut" passed after 0.001 seconds.
✔ Test "An untrusted app never synthesizes a paste shortcut" passed after 0.001 seconds.
✔ Test "A Quartz event creation failure is surfaced" passed after 0.001 seconds.
✔ Test "The explicit request is the only path that asks macOS for Accessibility access" passed after 0.001 seconds.
✔ Suite PasteAutomationTests passed after 0.001 seconds.
✔ Test run with 5 tests in 1 suite passed after 0.001 seconds.
Source verification passed.
